time,25u,25d,24u,24d,23u,23d,22u,22d,21u,21d,20u,20d,19u,19d,18u,18d,17u,17d,16u,16d,15u,15d,14u,14d,13u,13d,12u,12d,11u,11d,10u,10d,9u,9d,8u,8d,7u,7d,6u,6d,5u,5d,4u,4d,3u,3d,2u,2d,1u,1d
0,652,252,505,117,397,181,529,43,856,99,382,117,386,122,414,116,519,181,455,264,268,180,673,296,587,255,401,86,274,977,197,58,696,400,705,357,522,281,482,231,319,130,295,137,887,644,61,38,723,257
0.1,652,253,504,116,400,184,530,18,856,99,381,116,386,122,416,116,518,181,452,265,268,182,673,296,587,255,399,86,274,977,197,55,696,400,705,357,520,278,482,230,319,131,295,137,888,647,61,43,724,257
0.2,652,255,503,116,402,187,533,18,856,99,380,114,386,120,417,116,518,181,451,266,268,182,673,295,587,253,399,89,274,977,197,53,696,398,705,357,520,273,481,230,319,134,292,137,889,651,56,47,724,257
0.3,652,258,503,120,403,189,533,18,855,99,377,117,386,118,417,116,518,181,448,268,268,183,673,295,587,253,399,90,274,977,197,53,696,397,705,356,520,267,481,228,320,137,288,137,889,655,56,49,724,260
0.4,652,262,503,124,403,190,531,17,854,101,375,117,386,117,417,116,518,181,448,268,268,183,673,295,586,253,399,94,274,977,196,52,696,397,704,354,520,264,480,228,320,138,288,137,889,658,51,51,725,261
0.5,650,262,503,128,400,192,531,17,851,103,375,116,386,116,417,115,517,181,447,268,268,183,673,295,586,253,399,95,274,977,195,50,696,397,704,355,520,264,480,228,319,139,285,137,889,661,49,52,725,262
0.6,650,262,503,134,400,193,531,17,851,107,373,120,386,112,418,115,516,181,447,268,268,183,673,295,586,253,399,95,274,977,194,49,696,397,704,356,520,264,474,227,316,140,285,137,889,665,49,53,725,262
0.7,648,263,503,136,396,197,531,20,849,109,372,122,386,112,418,115,516,181,448,268,268,183,673,295,586,251,399,97,274,977,193,53,696,397,703,358,520,264,474,227,315,143,284,140,889,668,49,63,725,263
0.8,646,264,503,139,393,199,530,21,847,111,371,124,387,112,418,115,514,181,448,268,268,183,673,295,584,247,399,97,274,977,192,52,696,397,702,359,520,264,472,227,315,145,280,141,889,669,49,67,725,266
0.9,646,265,502,142,392,203,530,21,844,113,368,127,388,112,418,115,514,181,448,268,268,186,675,295,582,244,399,97,274,977,192,51,696,397,702,360,520,257,471,226,312,147,277,141,889,672,49,70,724,267
1,642,266,502,142,389,204,527,20,844,117,366,127,388,112,418,115,513,186,447,268,268,186,675,295,582,242,399,97,274,977,192,50,696,397,703,361,520,255,471,226,310,149,272,145,889,677,48,71,722,270
1.1,639,268,501,145,388,205,526,19,844,119,365,131,389,113,418,115,513,186,446,270,268,186,675,295,582,242,414,97,274,977,191,50,696,397,703,364,519,251,469,226,310,154,272,146,889,681,46,73,721,270
1.2,637,272,501,148,384,207,526,22,844,121,363,133,389,116,418,115,513,186,445,272,268,186,675,295,581,242,429,98,274,977,189,50,696,397,703,366,519,251,468,219,308,154,267,147,889,682,46,75,719,271
1.3,635,275,500,151,383,211,525,23,843,123,361,135,390,120,418,115,513,186,445,273,268,186,675,295,581,242,444,99,274,977,189,50,696,397,703,368,516,250,468,219,305,155,267,150,888,684,45,78,718,271
1.4,633,275,499,155,382,213,524,#NV,843,125,359,139,390,122,418,115,511,188,445,274,268,187,675,299,581,242,459,100,274,977,189,51,696,397,705,368,513,250,467,219,303,157,267,151,888,685,45,81,718,272
1.5,631,278,500,159,381,215,523,18,843,129,358,139,390,124,418,115,508,193,445,275,268,190,675,301,576,242,474,100,268,977,187,51,696,397,706,368,513,243,466,219,301,160,265,152,887,687,45,85,716,272
1.6,631,280,500,161,381,216,521,#NV,843,131,358,141,390,126,418,115,507,194,445,275,268,192,675,305,576,242,474,100,268,977,187,52,696,397,705,368,513,241,466,219,300,163,263,152,886,690,44,87,716,275
1.7,628,282,500,163,381,217,519,#NV,843,133,357,144,391,127,417,115,505,197,445,275,268,194,675,305,576,242,474,101,268,977,187,51,696,397,705,369,513,241,466,219,300,165,259,153,886,693,43,91,715,277
1.8,626,283,499,166,382,221,518,#NV,843,135,356,146,392,130,413,117,504,197,443,275,268,195,675,307,576,242,474,102,268,977,187,55,696,399,706,371,513,237,466,219,299,167,259,155,886,697,40,94,713,278
1.9,622,283,498,170,381,223,518,#NV,843,135,356,149,392,131,412,121,502,201,441,275,268,198,675,307,572,242,489,103,268,977,187,56,696,401,706,372,513,236,465,219,300,167,257,156,886,700,40,97,711,282
2,623,284,497,173,377,224,517,#NV,840,135,354,151,393,133,412,125,501,202,440,278,267,201,675,311,571,242,489,103,266,977,186,56,696,403,703,374,513,236,465,219,300,170,257,157,887,706,40,99,711,284
2.1,623,287,495,176,376,225,516,#NV,840,137,353,151,393,135,412,127,500,209,439,279,267,204,675,313,568,242,489,104,266,977,186,61,696,409,702,375,513,235,462,219,299,171,252,157,887,708,38,100,710,284
2.2,624,291,494,179,376,227,514,#NV,838,139,352,154,393,137,412,131,499,212,437,281,265,205,675,315,565,242,489,104,266,977,185,62,696,409,700,377,513,230,456,219,296,175,248,159,887,711,38,102,706,285
2.3,624,293,493,182,375,229,514,48,835,143,351,156,393,137,412,133,499,212,436,281,265,206,675,317,565,242,504,105,265,977,183,67,696,414,699,380,513,229,456,220,293,179,246,160,887,714,38,103,707,285
2.4,624,296,492,184,375,230,514,46,833,145,349,160,392,139,409,135,499,212,435,281,265,206,675,319,563,242,519,105,261,977,182,66,696,416,698,381,513,227,455,222,292,180,245,161,887,717,38,106,705,287
2.5,621,297,491,187,374,231,512,46,832,147,348,163,392,140,409,137,497,212,435,281,265,210,675,321,560,242,526,105,261,977,182,66,696,416,698,383,512,227,455,229,291,182,244,161,884,720,,112,701,288
2.6,618,299,490,190,371,232,510,46,828,149,348,163,392,141,403,139,496,216,433,283,263,210,675,325,559,242,526,105,261,977,183,71,696,424,698,384,512,226,453,232,291,184,239,162,883,723,,116,701,291
2.7,618,302,490,192,371,234,508,46,828,151,347,166,392,143,403,143,495,223,433,283,260,210,675,329,557,242,526,108,261,977,184,71,696,424,696,387,512,226,453,234,290,187,234,164,882,726,,118,700,293
2.8,618,305,487,195,371,237,508,46,828,153,346,170,391,145,402,147,492,224,431,284,253,211,675,333,557,242,526,111,261,977,184,71,696,424,695,389,512,224,453,238,286,188,234,165,881,728,,121,698,295
2.9,618,306,487,200,372,239,508,46,828,155,344,170,391,149,400,149,490,226,429,284,252,211,675,333,557,242,534,114,261,977,185,76,696,424,693,391,512,224,453,242,286,188,234,167,880,732,,125,698,297
3,618,306,487,203,373,239,508,47,826,155,344,176,391,149,390,151,490,229,428,284,252,214,671,337,556,242,534,116,257,977,186,76,696,427,693,393,511,223,453,248,284,189,232,167,879,733,,126,695,297
3.1,615,307,487,206,373,240,508,48,825,157,344,179,391,151,386,153,489,229,426,286,248,214,671,341,554,242,549,118,257,977,189,76,696,430,691,396,511,223,450,252,283,191,231,167,879,736,,128,690,298
3.2,613,308,486,210,372,242,506,52,822,159,341,181,391,153,386,155,487,232,425,286,248,217,671,341,552,242,563,118,257,977,189,76,696,434,689,398,511,223,448,255,281,193,226,168,879,740,,134,689,298
3.3,611,309,484,213,371,242,506,54,822,161,340,184,391,156,386,157,486,232,423,286,248,222,669,345,550,242,563,119,257,977,188,77,696,438,687,401,509,223,447,260,279,195,218,169,879,745,,135,689,301
3.4,611,312,484,218,370,246,506,55,822,163,339,186,391,157,386,161,483,233,421,287,248,224,667,351,550,242,563,119,255,977,187,82,696,438,687,404,509,223,446,265,277,198,218,169,877,749,,138,688,303
3.5,609,314,483,221,370,246,505,58,820,165,338,189,392,158,385,163,482,237,420,288,248,225,667,351,550,244,563,120,255,977,184,83,696,447,686,404,509,223,445,268,275,199,218,170,876,752,,141,686,305
3.6,609,316,482,223,369,248,504,59,817,167,337,193,393,160,381,165,482,239,420,289,248,228,664,355,550,246,563,120,254,977,184,84,696,447,685,404,509,223,444,274,272,201,218,171,872,756,,144,686,307
3.7,606,319,480,227,366,250,504,59,816,167,337,196,393,161,375,165,482,243,419,290,248,230,664,357,550,246,563,120,254,977,182,87,696,448,685,405,509,223,443,277,270,203,214,171,872,759,,147,684,309
3.8,604,322,480,231,366,252,504,59,815,169,336,196,393,164,375,167,479,245,418,291,245,236,663,363,550,246,573,120,250,977,182,87,695,452,684,407,509,223,443,286,268,206,211,171,871,761,,148,684,311
3.9,604,324,480,234,366,252,504,60,814,171,334,199,394,166,371,169,478,245,416,292,245,240,663,363,549,248,573,123,246,977,180,83,695,457,684,408,509,223,443,289,264,208,211,173,871,764,,151,682,312
4,604,325,477,237,363,254,504,60,811,175,334,199,394,168,366,173,475,245,414,297,243,242,663,369,547,248,0,126,246,977,177,84,695,462,684,411,509,223,440,292,263,209,211,174,871,767,,155,680,315
4.1,601,326,476,240,360,255,503,65,811,175,333,202,393,170,364,173,474,245,413,300,243,242,657,369,547,250,0,127,246,977,176,87,695,462,684,414,509,225,440,298,262,211,209,174,870,770,,158,680,315
4.2,599,327,476,241,360,256,500,65,810,179,331,202,393,171,358,177,474,253,412,302,241,246,655,371,547,252,0,129,246,977,175,87,695,466,684,416,506,229,439,302,261,215,204,177,869,773,,161,680,315
4.3,599,329,476,242,357,258,499,67,807,179,330,205,393,172,358,177,473,253,411,305,241,246,655,373,547,254,0,132,246,977,174,88,695,468,684,418,504,231,438,310,261,218,204,177,868,775,,165,679,318
4.4,599,331,475,246,357,259,498,70,807,181,328,208,393,173,354,179,473,254,409,308,239,249,655,379,547,254,0,134,246,977,174,92,695,472,683,420,504,231,438,318,261,220,204,179,867,778,,168,677,320
4.5,597,332,475,250,357,261,495,72,806,183,328,208,392,175,354,183,471,255,407,313,239,250,652,379,547,256,0,135,239,977,171,93,695,482,681,424,503,231,437,318,261,222,203,182,867,783,,170,677,324
4.6,595,333,473,254,356,262,494,72,804,183,328,210,392,176,349,189,471,262,405,315,239,254,652,385,545,256,0,136,239,977,169,97,695,482,679,427,500,233,437,328,259,222,200,185,866,787,,177,677,325
4.7,595,334,473,257,356,265,494,73,801,187,327,210,392,177,348,191,471,264,403,318,239,254,648,387,543,256,225,136,239,977,166,98,694,482,678,430,498,237,437,332,255,224,198,185,862,791,,182,677,325
4.8,595,336,472,261,353,266,493,76,799,189,325,214,392,178,346,191,468,264,402,321,239,254,648,389,542,256,225,137,239,977,164,99,694,482,678,432,496,239,437,339,254,224,196,187,863,793,,186,677,328
4.9,590,338,470,265,353,268,492,77,798,191,325,218,392,180,346,193,466,264,400,325,239,256,639,391,540,256,225,138,239,977,162,99,694,482,678,432,491,239,437,345,254,225,192,187,862,795,,191,676,328
5,587,340,468,269,353,272,491,80,795,191,323,220,392,183,342,193,465,266,400,327,239,257,638,391,540,258,225,142,239,977,160,104,694,485,679,433,490,239,435,349,251,226,192,187,861,798,,196,675,329
5.1,587,340,468,272,352,275,491,84,793,195,321,223,392,183,339,195,463,266,400,330,239,257,634,397,540,258,225,142,239,977,160,104,694,490,679,433,490,243,435,354,248,229,192,187,860,801,,199,674,330
5.2,584,341,468,274,349,278,491,86,793,197,318,225,392,185,339,197,462,267,400,333,239,257,634,397,540,258,225,143,237,977,160,109,694,491,679,433,490,243,435,359,246,231,190,187,860,804,,202,672,330
5.3,584,342,467,277,349,279,491,90,791,197,316,227,392,188,336,199,461,268,400,336,236,261,634,399,540,258,225,145,232,977,159,110,694,491,677,435,487,245,435,363,244,234,188,188,860,806,,204,671,330
5.4,580,344,467,282,349,280,489,91,791,199,316,229,392,188,332,199,459,270,400,339,235,263,629,403,540,260,225,146,230,977,159,114,694,491,677,439,487,249,433,368,242,236,188,190,860,809,,208,669,333
5.5,577,346,464,285,346,282,489,93,788,201,315,232,392,189,332,199,458,270,399,340,235,263,626,403,540,260,225,147,230,977,158,115,694,496,677,441,486,255,433,374,240,238,188,190,860,812,,212,668,336
5.6,575,348,463,289,346,284,488,95,786,205,315,236,391,190,387,203,456,270,399,342,232,263,625,411,539,262,225,147,230,977,155,116,691,499,677,441,482,257,433,377,237,240,181,190,860,817,,214,667,339
5.7,573,349,463,292,347,286,486,95,786,205,315,239,391,192,471,205,451,275,398,345,232,266,623,415,539,264,225,147,230,977,155,119,691,500,678,441,478,257,433,380,236,241,180,190,860,819,,216,666,342
5.8,571,351,462,294,347,287,484,95,783,209,314,242,391,195,547,207,451,282,398,347,232,267,620,417,538,264,225,148,230,977,153,120,691,500,679,442,472,269,430,385,234,243,180,192,856,822,,220,665,345
5.9,571,354,462,296,346,288,481,95,777,209,313,242,391,195,607,209,451,282,398,348,231,267,618,419,534,268,225,150,230,977,152,123,691,506,679,447,469,269,427,389,230,245,178,192,855,824,,222,664,347
6,571,356,461,301,342,290,481,95,776,211,313,245,391,197,675,209,448,284,397,349,231,269,618,419,534,268,225,150,230,134,151,124,690,512,679,448,467,271,423,392,227,247,173,192,854,828,,223,664,350
6.1,569,357,460,305,342,293,481,97,775,213,313,250,391,197,751,211,446,286,396,350,231,269,617,423,533,270,225,150,230,136,150,125,689,520,678,450,467,273,421,394,226,249,173,192,851,831,,225,664,352
6.2,567,357,459,308,341,294,481,97,770,213,311,253,391,197,813,213,446,288,393,352,228,272,615,429,531,270,225,151,230,136,148,126,689,520,677,453,466,273,421,402,223,249,168,192,850,834,,229,660,353
6.3,567,357,458,313,340,296,481,99,768,215,308,256,391,197,887,215,446,288,392,355,228,272,612,429,531,270,225,153,230,136,147,127,688,520,676,455,464,281,421,407,221,250,166,192,849,836,,231,659,355
6.4,567,359,457,316,336,298,480,99,764,217,308,259,390,200,947,217,443,289,392,357,228,279,609,433,531,272,225,155,225,136,147,128,688,520,675,457,462,281,421,413,217,251,166,197,846,838,,234,656,357
6.5,567,360,456,322,335,299,479,102,762,219,308,261,389,200,988,219,439,292,390,359,228,279,604,433,531,274,225,155,225,137,147,128,687,522,674,460,459,281,421,417,215,252,164,199,845,840,,237,652,360
6.6,565,363,456,325,334,300,478,104,755,221,308,265,388,201,988,219,436,292,390,362,228,279,603,437,528,276,225,158,225,137,147,132,687,523,673,460,454,283,421,421,212,254,161,200,844,843,,240,653,361
6.7,563,364,455,328,333,300,477,104,754,223,307,267,388,203,988,219,435,292,389,364,228,280,600,441,528,278,225,161,225,138,147,133,687,525,673,461,454,283,417,426,210,255,161,202,843,845,,248,651,362
6.8,563,365,454,331,333,300,478,107,751,227,306,269,388,206,988,223,432,292,388,366,228,283,600,441,524,282,225,163,225,139,145,134,687,525,673,462,451,285,416,429,207,257,156,202,842,848,,251,653,363
6.9,563,366,452,334,333,304,476,110,748,229,304,271,388,209,988,223,432,292,388,368,228,283,600,449,524,282,225,164,225,140,146,138,687,532,673,465,450,285,415,434,205,259,153,202,839,850,,252,649,364
7,559,368,452,336,332,305,474,113,747,229,303,274,387,211,989,225,432,292,386,371,224,287,599,451,523,284,225,165,225,142,147,138,685,534,672,466,449,287,412,439,203,260,151,204,838,852,,254,647,366
7.1,556,368,452,340,331,307,474,114,744,229,303,276,387,212,989,227,430,301,384,372,220,287,599,457,522,286,225,165,225,143,146,139,685,535,672,468,448,287,412,445,200,262,150,206,837,857,,256,648,368
7.2,554,369,451,343,331,309,472,116,740,229,303,276,386,215,989,231,428,307,383,374,213,287,599,459,519,286,225,165,221,144,145,140,684,538,672,469,447,289,412,449,199,263,146,206,837,861,,262,648,371
7.3,552,370,449,346,330,311,472,118,738,233,306,281,385,218,989,231,426,312,381,377,213,291,597,461,519,286,225,167,220,147,144,143,683,538,671,469,444,291,412,452,197,266,146,206,837,864,,265,647,372
7.4,552,370,447,349,330,313,472,120,738,233,306,281,384,219,989,233,425,315,381,380,213,291,597,465,518,286,225,168,218,148,143,143,682,545,671,470,442,293,412,459,194,268,144,206,836,867,,269,645,373
7.5,550,370,446,353,327,312,471,122,734,233,306,284,383,220,989,237,425,315,380,383,212,291,589,467,518,288,240,168,218,152,142,143,679,548,669,472,439,295,411,464,192,271,143,206,835,870,,272,644,376
7.6,548,370,446,357,327,312,471,127,734,235,305,287,381,222,989,239,425,315,379,386,212,293,582,475,515,288,240,168,218,152,140,146,679,549,668,475,436,295,411,468,189,274,140,208,834,872,,275,644,376
7.7,548,370,445,361,327,314,470,129,732,237,304,290,379,222,989,241,425,315,379,389,210,295,582,475,515,290,240,170,218,154,140,146,679,553,667,477,433,297,411,473,189,276,137,208,831,875,,278,644,380
7.8,545,371,445,364,324,316,469,129,731,239,303,293,378,224,989,243,425,315,379,393,210,296,579,479,514,290,255,170,216,155,139,147,679,556,667,480,433,297,409,477,189,276,132,208,831,878,,281,642,381
7.9,543,374,444,367,324,318,468,134,724,243,301,297,378,227,989,245,424,315,379,397,210,299,579,481,514,290,255,174,216,156,138,148,679,559,666,482,430,299,409,481,187,278,130,209,828,881,,284,641,385
8,541,375,444,369,324,320,467,136,724,243,299,297,377,228,989,247,424,321,377,401,210,302,575,483,514,292,255,175,216,156,137,149,679,559,665,484,428,301,401,489,185,280,130,209,827,882,,287,639,385
8.1,542,378,443,372,324,321,467,137,720,247,297,301,376,230,989,247,423,321,375,403,208,302,571,487,513,292,255,176,216,156,137,150,677,569,664,487,427,301,397,494,183,283,128,212,823,885,,289,636,388
8.2,540,380,442,376,323,323,466,138,717,247,295,304,375,232,989,249,423,321,373,406,208,302,571,487,513,296,255,179,216,156,136,154,677,570,664,488,426,303,397,499,178,284,126,212,823,889,,295,635,391
8.3,537,381,441,380,320,325,464,138,717,249,293,306,374,234,987,251,422,321,373,408,207,304,571,495,513,298,255,179,216,156,136,158,675,570,665,491,422,305,397,501,176,287,120,212,822,891,,297,634,393
8.4,534,383,441,381,320,326,462,140,715,251,291,308,374,235,335,253,421,321,373,412,207,304,570,497,513,300,270,179,216,158,135,158,675,577,665,496,419,305,395,506,175,290,115,212,819,895,,302,633,395
8.5,531,386,441,383,316,327,461,141,712,253,290,311,373,236,335,255,419,322,372,414,207,307,570,501,513,302,285,179,215,158,133,158,675,580,665,499,419,305,391,511,174,291,115,212,819,897,,305,633,395
8.6,529,389,439,385,316,327,461,144,709,255,289,313,372,236,335,257,418,325,371,416,205,309,567,501,513,304,224,180,215,163,131,158,675,588,665,500,418,307,388,516,173,291,115,213,818,900,,312,632,395
8.7,529,389,438,389,315,328,461,144,706,255,288,313,371,236,335,259,418,330,369,420,205,309,567,513,513,306,224,183,215,163,128,161,675,588,665,501,415,307,388,519,172,292,115,213,817,904,,316,631,397
8.8,526,390,437,392,314,328,461,151,705,255,286,318,371,237,335,263,416,330,367,423,205,314,567,513,507,308,222,185,215,163,127,164,675,588,664,502,414,311,388,523,171,296,115,215,814,907,,319,631,398
8.9,524,391,437,397,313,328,461,152,704,257,284,321,370,240,335,265,415,330,366,426,201,317,567,513,507,308,221,185,215,163,125,164,675,591,663,504,410,313,388,529,168,297,115,218,814,912,,321,631,399
9,524,393,436,398,312,329,459,156,703,259,283,324,369,242,335,265,414,332,366,428,201,320,567,513,507,310,221,185,215,164,125,167,672,594,663,508,409,313,388,532,168,300,115,221,813,917,,326,630,400
9.1,522,395,435,401,311,331,456,159,701,261,283,327,369,244,335,269,414,335,365,431,201,320,567,513,507,312,220,186,215,169,124,168,671,594,661,510,406,315,388,536,168,301,115,222,813,922,,330,630,402
9.2,522,397,435,405,307,333,456,159,699,265,282,329,368,245,335,271,412,339,364,434,201,320,564,513,507,314,219,187,215,169,124,168,671,594,659,511,406,315,383,541,168,303,115,223,812,925,,333,629,403
9.3,519,398,434,408,307,335,453,161,698,269,281,332,367,246,335,275,412,344,363,439,201,320,564,515,507,316,218,187,212,171,124,169,670,600,655,512,406,317,383,548,166,303,115,225,811,927,,337,629,403
9.4,519,399,434,411,304,335,453,165,696,279,280,332,367,249,335,275,410,344,361,443,199,320,556,519,507,316,218,187,212,171,124,172,669,604,654,515,406,319,383,555,165,306,115,226,810,929,,341,629,403
9.5,517,400,434,414,303,337,453,169,695,279,280,337,367,252,335,279,410,344,360,444,199,327,556,519,504,316,216,189,212,171,121,175,668,609,655,518,406,321,383,558,164,310,115,226,807,931,,343,628,406
9.6,515,401,434,417,300,338,453,171,693,279,279,339,367,254,335,279,410,344,359,445,199,327,553,521,501,316,215,191,212,172,119,175,667,609,655,518,406,321,381,567,162,310,115,228,804,934,,346,628,409
9.7,515,401,434,420,300,339,453,173,693,279,278,341,367,254,335,279,410,344,357,446,199,327,553,527,500,316,213,191,212,172,118,175,667,610,655,522,405,325,379,570,162,312,115,230,804,936,,348,628,410
9.8,512,402,434,422,300,341,450,175,691,279,278,345,367,257,335,281,410,344,357,448,199,329,553,527,497,318,213,191,206,173,119,176,667,624,655,526,396,325,379,572,161,315,115,233,801,940,,351,628,412
9.9,509,406,434,424,299,343,446,177,691,283,275,348,368,260,335,283,410,344,357,450,199,332,553,533,497,320,211,192,206,174,122,179,665,624,653,528,396,325,379,575,160,317,115,233,800,943,,353,627,416
10,507,406,433,426,299,343,447,178,684,283,273,348,368,263,335,285,406,344,355,451,198,333,553,535,495,322,209,194,206,178,122,180,665,624,655,530,396,327,379,579,160,319,115,233,800,945,,356,627,419
10.1,507,406,432,429,299,343,449,178,679,283,272,352,368,265,335,291,405,344,355,453,198,334,553,535,492,326,208,198,206,179,122,184,665,625,654,531,393,329,377,587,160,322,115,233,796,948,,359,626,421
10.2,505,407,432,432,299,344,447,178,678,287,270,354,368,268,335,291,405,344,354,456,196,337,553,535,492,326,206,198,194,180,122,185,663,628,652,532,390,329,377,592,160,324,115,234,796,951,,361,625,424
10.3,502,408,432,434,299,344,443,179,678,287,269,356,367,268,335,293,403,344,352,458,196,337,553,535,492,326,206,198,194,183,122,188,663,634,651,534,390,331,376,597,161,325,115,235,796,954,,364,625,425
10.4,500,409,430,437,300,346,445,183,672,289,269,360,367,271,334,295,401,329,351,461,196,338,544,537,492,328,206,198,194,187,120,191,663,634,648,534,390,331,375,600,161,328,115,238,796,955,,366,624,427
10.5,498,409,431,440,300,346,442,186,666,291,269,365,366,272,333,295,401,329,350,463,196,341,544,539,492,330,204,200,194,188,120,192,660,639,646,535,390,335,375,604,160,330,115,240,795,957,,368,620,429
10.6,498,410,431,442,300,351,439,186,665,291,268,365,366,273,333,297,398,329,349,465,196,341,539,541,491,332,203,202,194,188,120,195,660,639,646,537,390,339,372,611,159,333,115,242,791,960,,371,620,430
10.7,496,411,430,444,300,353,439,188,663,293,266,368,368,275,333,299,398,318,349,467,196,342,539,541,491,332,203,203,194,190,120,196,659,641,645,539,389,341,372,617,158,335,115,244,791,961,,374,620,432
10.8,496,413,430,448,300,354,437,188,661,301,265,371,368,277,333,299,397,318,348,470,194,346,539,551,491,332,200,206,194,192,117,197,659,641,646,540,385,343,371,623,158,336,115,244,788,965,,378,616,433
10.9,494,414,430,451,300,355,436,193,661,301,265,373,366,280,332,301,394,318,348,473,194,347,539,551,491,334,198,206,194,194,115,200,659,643,647,541,384,343,370,627,157,340,115,244,785,968,,381,616,437
11,491,417,429,456,300,357,441,195,655,301,264,377,365,285,332,303,392,318,348,476,194,349,536,555,490,336,196,207,194,198,114,201,659,647,647,543,383,343,364,630,155,341,115,246,785,971,,385,615,437
11.1,491,419,428,458,299,358,440,196,655,303,262,379,364,287,332,305,390,318,347,478,190,349,536,561,489,338,195,209,194,199,113,202,659,647,647,547,382,343,364,634,154,341,115,248,784,975,,390,615,437
11.2,489,421,427,459,296,360,436,197,653,305,260,382,363,289,332,307,388,318,347,481,190,351,536,561,489,340,191,208,194,200,111,206,656,647,645,547,380,343,364,637,154,342,115,249,781,978,,394,613,437
11.3,487,424,425,462,295,361,436,197,647,307,260,385,359,291,332,307,386,315,346,483,190,357,536,565,488,340,191,208,194,201,109,206,656,649,645,548,377,343,364,643,154,344,115,251,780,981,,398,611,439
11.4,487,426,423,464,294,361,434,199,645,309,259,387,354,293,332,309,386,300,345,487,190,357,534,565,488,342,191,208,194,201,109,206,655,657,645,550,375,345,363,648,153,347,115,253,775,985,,401,610,441
11.5,485,426,418,468,293,364,431,199,642,309,259,391,354,296,331,309,385,285,345,490,190,357,528,565,488,344,190,208,193,203,107,209,655,660,644,551,374,347,359,653,152,346,115,256,771,987,,404,608,443
11.6,485,427,417,471,292,366,430,200,642,309,258,394,352,298,328,311,384,274,345,493,190,357,528,569,485,344,188,207,183,203,107,210,655,660,643,553,370,351,359,658,152,347,115,257,770,988,,408,607,444
11.7,482,428,416,474,291,369,429,201,638,309,256,394,352,300,325,315,384,471,343,497,190,357,526,573,484,344,186,207,182,205,105,214,653,666,642,554,370,351,359,661,152,349,115,257,767,991,,412,607,448
11.8,479,430,414,479,287,369,428,201,637,311,255,398,352,301,323,317,383,472,341,499,190,357,523,573,484,346,185,210,182,207,104,215,653,666,642,557,364,351,357,666,151,350,116,257,767,994,,415,605,448
11.9,477,430,412,483,287,371,429,204,634,311,254,398,352,302,323,321,381,472,340,501,190,357,522,573,481,348,183,212,182,208,101,215,653,666,642,557,361,351,355,670,150,350,116,257,766,997,,419,601,449
12,475,430,412,488,286,374,429,206,633,315,252,400,352,303,323,321,380,472,340,503,190,362,522,579,481,348,183,213,182,209,101,218,649,666,642,558,361,353,352,677,150,350,116,259,761,1000,,422,600,451
12.1,475,432,410,490,285,376,428,208,631,315,250,403,352,306,320,321,378,472,339,505,189,364,522,581,479,350,182,215,182,209,98,218,649,669,641,558,357,353,351,682,152,350,116,261,758,1005,,427,600,453
12.2,471,434,408,492,281,379,428,210,627,317,249,403,352,307,319,327,375,472,338,507,188,364,522,583,479,350,180,216,182,209,98,218,648,669,641,558,357,355,349,688,151,352,117,262,757,1008,,430,600,453
12.3,471,437,408,495,281,380,426,211,626,319,249,407,350,310,316,327,373,473,336,509,188,365,522,583,476,350,180,217,182,213,98,218,647,669,641,559,353,357,349,693,148,355,,262,756,#NV,,434,600,456
12.4,471,438,407,500,280,381,424,211,624,323,248,407,349,311,316,331,372,476,334,510,188,369,520,587,476,354,177,219,182,215,99,218,647,669,641,559,,357,347,696,147,358,,262,755,#NV,,438,599,456
12.5,469,441,405,504,280,385,422,214,624,325,247,411,348,314,316,333,372,476,330,513,188,369,520,587,476,354,176,220,181,216,99,221,646,683,641,560,,359,347,700,146,360,,263,754,#NV,,443,594,456
12.6,469,444,403,507,280,387,421,220,622,325,247,411,347,319,315,333,370,480,328,515,188,373,520,595,475,356,173,220,181,217,102,224,645,683,642,560,,363,346,703,144,360,,265,754,#NV,,445,592,459
12.7,469,445,402,508,280,389,420,224,622,327,247,414,347,323,313,335,367,481,327,518,188,374,517,595,475,356,173,221,181,219,102,225,644,683,643,563,,367,343,709,142,360,,265,753,#NV,,449,591,459
12.8,466,447,400,513,279,393,417,227,621,329,247,417,346,325,311,337,346,483,325,522,188,377,517,595,469,356,171,222,178,219,102,229,643,687,644,563,,367,343,712,140,360,,265,752,#NV,,451,591,464
12.9,464,450,399,515,279,393,417,229,618,329,245,420,345,327,311,341,346,487,324,524,187,377,515,597,469,356,167,225,178,220,100,229,643,689,645,565,,367,343,717,139,360,,265,751,#NV,,455,590,466
13,464,455,397,517,278,395,417,229,618,333,243,419,343,329,311,345,345,490,323,527,186,377,512,599,469,356,165,226,178,223,99,229,643,691,645,569,,371,340,721,139,362,,267,748,#NV,,458,590,468
13.1,461,457,396,520,278,397,414,231,617,335,242,422,342,333,311,347,346,494,323,530,186,377,512,601,468,356,163,226,178,224,98,230,643,694,645,570,,371,340,726,138,363,,269,748,,,463,588,471
13.2,458,458,394,525,278,400,412,233,613,337,241,425,340,335,311,347,346,496,322,532,186,380,512,603,468,358,162,227,178,225,97,231,643,698,645,572,,371,340,729,138,364,,272,747,,,465,587,472
13.3,458,461,393,527,278,401,412,236,613,341,239,423,340,338,311,347,344,497,321,534,183,380,506,607,466,360,159,228,178,228,97,231,641,701,645,572,,371,335,734,138,366,,272,744,,,469,585,473
13.4,454,463,392,529,275,403,412,237,612,341,237,430,340,338,310,349,344,499,321,536,183,384,506,609,466,362,157,228,178,230,97,236,641,708,645,575,,373,335,740,137,368,,273,744,,,472,583,476
13.5,454,464,390,532,275,407,413,239,607,343,237,433,339,340,308,353,344,503,319,539,181,384,506,611,464,362,157,230,176,232,97,236,641,708,644,576,,373,334,746,137,369,,273,741,,,475,583,479
13.6,452,466,388,535,275,410,413,241,602,347,236,435,339,341,308,353,342,503,319,542,181,384,506,611,464,364,156,232,176,235,97,239,639,709,644,577,,373,331,749,137,371,,274,740,,,479,579,479
13.7,450,467,387,538,270,410,413,244,602,349,233,435,339,341,305,355,342,505,318,544,181,384,506,621,463,366,153,233,176,235,96,240,639,713,642,578,,379,330,755,136,371,,274,739,,,483,579,479
13.8,448,469,386,541,271,411,412,244,602,351,230,439,339,345,304,359,342,506,317,547,181,388,506,623,463,366,153,234,174,237,96,245,639,714,641,581,,379,330,759,134,371,,275,739,,,486,579,479
13.9,448,472,386,545,270,412,411,244,601,351,230,439,339,347,302,361,341,509,316,549,180,388,506,627,462,370,152,235,174,238,96,245,639,720,641,584,,379,330,761,134,372,,277,739,,,489,578,481
14,446,473,386,547,266,414,411,247,597,351,230,439,338,347,302,365,341,512,315,552,180,390,506,627,454,370,150,237,174,243,94,246,639,720,641,585,,381,330,770,133,374,,279,738,,,495,576,484
14.1,444,475,384,549,266,415,411,247,596,353,230,442,337,350,302,367,341,514,314,555,178,394,496,631,454,372,149,237,174,244,93,249,639,722,640,585,,383,330,774,132,374,,281,737,,,500,574,487
14.2,441,477,384,552,268,416,407,249,593,353,230,445,337,353,300,369,341,516,312,556,178,394,496,639,454,372,146,239,174,244,92,250,639,725,640,587,,383,329,777,132,375,,281,736,,,504,569,487
14.3,438,477,383,556,268,417,406,253,590,357,230,447,336,354,300,369,340,517,312,559,178,395,496,639,454,372,146,241,206,245,92,253,637,725,640,587,,385,328,784,131,375,,284,735,,,508,569,487
14.4,436,478,382,560,268,419,408,254,589,359,229,447,336,355,298,371,339,518,311,562,177,396,496,643,454,374,144,244,262,246,90,253,637,727,640,589,,387,327,789,130,376,,286,732,,,511,568,488
14.5,436,480,380,562,267,420,409,256,588,363,229,450,335,358,296,373,338,518,310,565,177,398,496,643,454,376,144,245,292,250,90,254,636,727,640,590,,387,323,796,128,376,,287,731,,,513,564,491
14.6,434,481,380,566,266,421,407,259,585,365,228,450,334,361,295,375,338,519,309,570,177,398,496,645,454,376,142,247,324,253,89,255,635,740,640,590,,391,323,800,126,380,,289,728,,,517,564,494
14.7,431,484,379,569,262,426,403,259,583,367,225,456,333,365,295,377,338,521,306,573,177,401,493,653,448,376,141,247,354,254,86,258,635,740,640,590,,397,323,803,126,381,,294,728,,,520,563,498
14.8,431,486,378,573,262,428,401,266,582,371,224,454,333,367,295,379,338,523,306,575,177,406,492,653,448,376,139,247,414,255,,263,635,743,639,592,,399,323,807,126,383,,295,727,,,525,558,500
14.9,431,487,377,575,262,430,400,269,579,373,222,458,332,367,295,383,339,528,304,578,172,406,490,655,447,376,136,248,468,257,,266,634,746,640,595,,399,323,810,124,385,,296,726,,,530,558,503
15,431,488,377,578,259,433,399,269,574,373,221,458,331,371,295,385,339,530,303,582,172,406,490,657,447,376,135,249,,259,,267,634,749,639,598,,403,323,817,122,387,,296,725,,,533,559,503
15.1,431,490,376,579,259,435,396,272,573,373,220,461,330,374,294,389,339,532,301,584,169,406,477,657,447,378,134,250,,261,,267,634,755,637,601,,407,323,819,121,388,,296,725,,,538,559,506
15.2,428,494,374,582,259,437,395,273,566,373,219,461,330,376,291,389,339,536,300,587,169,414,477,661,446,380,132,252,,263,,267,634,756,635,603,,409,322,822,119,390,,296,725,,,539,555,506
15.3,426,497,373,585,256,439,394,276,565,375,218,464,329,379,290,391,340,541,298,589,169,414,474,669,445,382,131,253,,264,,267,633,758,635,605,,411,322,826,119,393,,298,721,,,542,556,508
15.4,424,499,372,590,255,442,393,277,564,379,216,466,329,382,288,393,340,544,296,592,169,418,474,671,443,382,128,254,,265,,268,630,768,635,605,,411,322,829,118,394,,300,721,,,546,554,510
15.5,422,501,371,592,254,446,391,279,559,381,214,471,328,386,287,395,339,547,295,595,169,418,473,675,443,382,126,256,,266,,271,628,768,635,606,,415,315,834,117,395,,302,717,,,547,554,512
15.6,420,503,369,595,255,449,391,281,559,381,212,474,327,388,287,395,339,547,294,599,169,418,469,675,440,382,121,256,,269,,272,628,768,634,606,,417,315,839,116,397,,304,717,,,550,553,513
15.7,417,505,369,598,254,451,391,284,559,385,212,476,326,392,286,397,339,550,293,603,169,422,469,683,436,382,118,256,,271,,275,628,769,632,610,,419,315,844,116,399,,306,713,,,555,552,513
15.8,417,508,368,601,253,453,392,285,557,389,211,478,325,400,286,397,333,551,291,606,164,422,469,683,436,382,116,258,,272,,276,628,769,632,610,,421,315,848,114,400,,309,713,,,560,551,515
15.9,415,513,368,604,250,453,390,292,553,389,211,483,324,400,286,399,337,552,291,608,164,428,469,689,433,382,112,261,,272,,275,628,774,631,611,,421,311,855,114,402,,311,713,,,562,547,518
16,412,513,367,607,250,456,388,294,551,389,209,485,323,400,282,401,341,554,289,612,164,432,469,693,431,382,112,262,,273,,275,626,777,631,615,,423,310,861,114,402,,312,712,,,564,545,519
16.1,409,515,367,610,250,457,386,296,550,395,206,485,321,400,279,403,336,555,287,616,164,432,463,697,430,382,109,260,,274,,275,624,777,632,617,,425,309,865,112,402,,313,708,,,565,541,520
16.2,406,518,366,614,251,461,385,297,546,397,205,490,321,400,278,407,336,557,285,620,164,432,463,699,430,384,108,260,,278,,275,622,777,632,619,,427,309,873,112,404,,313,708,,,567,541,522
16.3,406,519,365,617,251,466,384,300,545,399,204,492,320,401,278,409,335,557,284,621,164,432,463,701,430,384,106,260,,278,,278,622,777,632,620,,429,299,881,111,405,,315,707,,,571,541,525
16.4,404,520,363,621,251,467,382,300,543,399,202,496,320,404,276,411,335,559,283,624,164,434,461,705,430,384,104,261,,278,,279,621,777,633,621,,431,299,886,111,406,,317,707,,,574,541,525
16.5,402,521,362,625,251,470,381,301,540,403,199,500,320,404,274,413,327,561,283,627,164,439,460,709,430,386,101,261,,278,,284,621,777,634,626,,431,299,891,112,410,,319,706,,,576,540,529
16.6,402,522,360,627,247,471,379,302,538,403,198,503,320,407,274,417,308,562,283,630,164,442,460,709,430,388,98,261,,285,,284,621,788,634,627,,433,299,896,112,412,,322,706,,,580,539,530
16.7,403,523,360,630,246,472,379,304,538,407,198,507,319,408,272,419,306,564,284,634,164,444,456,711,430,388,98,261,,285,,287,619,789,633,629,,433,297,904,113,413,,322,702,,,583,535,533
16.8,403,524,360,633,245,474,379,306,537,407,196,510,318,410,272,421,305,564,284,639,164,453,456,711,426,388,98,261,,285,,290,618,790,633,632,,437,297,910,114,416,,322,702,,,584,536,537
16.9,401,526,358,634,245,475,379,308,534,407,196,512,318,413,270,423,305,570,284,642,164,453,456,715,423,388,99,262,,285,,290,618,794,634,634,,437,292,914,115,417,,324,702,,,587,535,540
17,401,528,358,638,245,479,379,310,530,407,195,512,318,413,268,423,304,573,282,646,160,453,456,717,421,388,98,263,,285,,293,618,794,634,635,,437,292,918,115,419,,324,702,,,590,533,540
17.1,401,528,357,642,245,479,378,310,530,409,194,515,318,419,268,425,301,577,280,647,160,453,456,719,417,388,98,267,,286,,293,618,801,634,638,,439,289,926,113,422,,326,701,,,595,530,543
17.2,401,531,357,644,245,481,378,312,525,409,194,518,319,419,266,427,298,580,278,649,160,457,456,719,416,390,95,268,,291,,296,618,803,634,641,,441,289,932,112,424,,328,698,,,600,530,544
17.3,399,531,357,645,245,483,376,313,524,411,192,520,319,419,264,429,296,583,276,653,158,459,452,725,416,390,93,269,,292,,297,618,803,634,642,,443,289,934,111,425,,328,695,,,603,529,549
17.4,397,529,356,647,241,485,376,314,523,411,192,522,319,424,262,431,295,587,273,657,157,465,452,727,416,392,91,270,,293,,300,618,803,634,644,,443,289,940,111,427,,330,695,,,608,529,550
17.5,397,532,353,650,240,488,375,317,521,413,191,524,319,427,262,433,295,589,272,659,157,469,452,731,416,392,89,270,,293,,300,616,817,634,646,,447,289,944,114,428,,331,692,,,611,527,551
17.6,394,533,352,652,236,490,374,317,517,413,190,526,316,427,261,435,295,590,272,662,157,472,452,733,416,392,87,270,,294,,304,614,817,633,647,,451,288,950,114,430,,331,692,,,612,527,550
17.7,392,535,352,655,236,492,373,317,517,413,190,528,316,427,260,435,293,595,271,664,157,474,452,733,414,396,85,273,,297,,305,611,818,633,649,,451,287,957,113,432,,333,692,,,614,525,554
17.8,392,538,352,659,236,494,373,318,517,413,189,528,315,428,257,435,293,596,270,668,157,474,452,737,413,396,84,276,,298,,306,611,825,633,650,,453,287,957,114,436,,334,692,,,616,525,558
17.9,389,541,350,662,232,495,371,318,517,415,188,530,314,431,254,439,292,597,270,670,157,485,452,737,413,398,81,277,,299,,307,608,825,633,652,,453,,972,112,438,,334,691,,,619,525,557
18,386,542,349,664,229,499,371,320,507,417,187,532,314,433,254,441,292,598,270,673,157,485,452,745,412,402,80,280,,300,,308,607,825,633,654,,455,,973,112,440,,334,691,,,622,527,561
18.1,384,542,348,667,229,501,369,321,507,421,186,532,313,435,252,443,290,598,269,675,157,489,452,745,412,404,80,283,,301,,309,605,826,633,658,,457,,973,112,443,,334,690,,,626,527,561
18.2,384,544,347,669,229,502,367,323,509,423,185,535,313,437,252,447,290,598,268,678,157,489,451,747,412,406,80,286,,303,,309,605,828,633,660,,461,,973,112,443,,334,690,,,629,527,561
18.3,382,548,347,672,226,506,366,326,509,423,185,539,313,439,252,447,289,599,266,681,157,490,451,751,411,408,79,286,,306,,310,604,828,633,660,,463,,973,112,445,,334,689,,,632,527,565
18.4,382,550,345,674,226,506,366,327,511,427,184,542,313,439,248,449,289,602,263,684,157,501,451,751,411,410,77,287,,306,,311,602,829,632,661,,465,,974,108,446,,334,689,,,637,527,565
18.5,380,551,345,677,225,508,366,330,511,427,184,544,310,442,248,451,289,604,261,686,157,501,451,751,410,410,75,290,,306,,311,601,829,630,663,,467,,974,108,448,,337,688,,,638,527,566
18.6,378,554,344,681,225,509,364,331,509,427,183,544,308,444,248,453,289,604,259,689,172,501,451,755,406,410,74,291,,306,,311,600,829,630,663,,467,,974,106,450,,340,687,,,640,526,567
18.7,375,556,344,685,222,512,363,333,495,431,182,546,306,446,245,453,288,607,258,692,187,501,451,755,406,412,73,291,,306,,310,599,829,633,667,,467,,975,104,452,,340,686,,,643,522,567
18.8,375,558,343,689,221,512,363,338,493,433,181,548,306,446,245,455,288,609,258,695,187,505,439,759,406,412,,291,,307,,311,598,829,633,668,,471,,975,104,454,,342,686,,,647,523,571
18.9,373,559,341,691,220,513,363,340,491,433,179,550,304,446,245,457,288,612,257,697,202,505,439,763,406,412,,292,,308,,312,597,829,635,668,,471,,977,104,454,,344,683,,,650,522,571
19,370,562,339,693,217,517,363,346,491,438,178,552,304,450,243,459,287,615,256,698,202,505,439,767,406,414,,294,,309,,312,596,814,638,670,,471,,,104,456,,344,680,,,652,518,571
19.1,370,562,337,696,217,517,363,347,491,443,178,552,303,451,243,459,286,619,256,700,202,505,438,769,402,414,,296,,310,,311,595,,639,673,,473,,,104,460,,344,680,,,655,518,573
19.2,368,562,335,699,216,520,360,349,485,447,177,557,303,452,241,459,285,619,256,704,202,505,438,773,402,416,,296,,313,,311,593,,639,676,,477,,,104,462,,345,677,,,660,519,576
19.3,366,564,335,702,212,521,358,351,485,447,176,560,303,452,239,461,285,623,256,707,202,506,434,775,402,418,,296,,314,,312,593,,639,678,,477,,,105,463,,347,676,,,663,519,583
19.4,363,567,334,705,212,526,358,351,483,447,176,565,303,452,239,463,282,624,254,711,202,510,433,777,397,420,,298,,314,,315,591,,639,679,,479,,,107,467,,348,676,,,666,518,585
19.5,363,568,333,708,212,528,358,357,481,447,175,567,303,457,238,465,282,625,253,714,202,510,428,777,397,420,,299,,315,,316,591,,639,681,,479,,,106,467,,348,675,,,669,517,587
19.6,361,570,332,709,208,528,355,359,479,449,175,571,302,458,237,465,281,628,253,718,202,510,428,785,395,422,,302,,316,,317,591,,639,683,,481,,,106,470,,348,672,,,671,515,590
19.7,361,572,332,712,208,530,354,359,479,449,173,573,302,461,234,465,280,629,254,719,202,510,423,787,393,422,,302,,317,,318,591,,639,685,,483,,,106,472,,348,672,,,673,514,590
19.8,358,574,330,715,208,535,352,359,478,451,171,573,302,462,234,467,279,630,254,720,202,512,418,791,391,422,,304,,317,,318,588,,637,686,,485,,,105,476,,350,672,,,675,513,592
19.9,358,576,327,717,207,537,351,361,477,451,169,573,302,464,234,469,278,635,253,723,,512,418,791,389,424,,307,,318,,321,588,,637,686,,487,,,104,477,,352,669,,,678,512,592
20,358,578,327,720,202,541,350,363,474,451,169,580,302,464,234,469,278,636,251,727,,514,418,795,389,424,,309,,319,,322,588,,638,688,,487,,,102,480,,353,670,,,681,508,595
20.1,356,581,327,723,202,542,351,365,474,451,169,580,301,464,231,471,275,637,250,730,,514,416,797,389,426,,309,,323,,325,588,,638,688,,487,,,102,481,,355,670,,,686,508,595
20.2,356,583,325,726,201,544,351,368,473,451,168,586,299,465,229,473,274,637,249,731,,517,416,801,388,428,,310,,325,,325,588,,639,688,,487,,,101,483,,355,667,,,688,507,600
20.3,354,583,325,729,201,546,349,369,472,453,167,589,299,469,229,475,273,637,247,733,,517,415,803,385,428,,312,,327,,325,586,,639,689,,491,,,100,486,,355,667,,,690,507,602
20.4,354,586,325,734,201,549,349,369,471,455,166,589,299,469,227,481,272,639,246,738,,519,415,803,385,428,,313,,329,,325,584,,639,691,,491,,,98,488,,359,664,,,693,506,605
20.5,352,589,324,738,201,550,349,372,469,457,162,593,299,471,227,483,270,644,245,741,,519,411,809,385,430,,313,,330,,328,584,,639,693,,493,,,97,490,,360,663,,,696,505,605
20.6,352,591,324,742,201,552,349,373,468,459,162,593,299,471,227,485,270,645,244,747,,519,410,811,384,432,,315,,333,,328,584,,639,695,,497,,,96,493,,362,662,,,699,501,605
20.7,349,591,323,746,200,554,349,377,464,461,160,597,298,475,226,487,269,645,244,750,,521,402,813,383,432,,317,,333,,332,584,,637,695,,497,,,96,493,,362,,,,702,501,605
20.8,347,591,322,749,200,556,348,380,464,461,160,601,298,476,225,489,268,646,243,752,,521,401,813,383,432,,318,,334,,332,584,,636,695,,499,,,96,495,,363,,,,707,501,607
20.9,344,592,322,750,199,557,348,380,457,467,159,601,297,481,225,493,266,647,240,754,,522,401,815,383,432,,319,,335,,330,575,,634,698,,503,,,97,497,,365,,,,709,501,609
21,344,593,323,752,196,559,346,380,455,469,158,601,297,482,225,493,264,649,239,757,,523,401,819,380,432,,319,,336,,328,573,,634,701,,505,,,98,500,,365,,,,713,501,611
21.1,344,595,323,755,196,559,348,385,455,469,155,607,297,482,222,497,261,649,238,759,,525,401,819,378,432,,321,,337,,328,573,,634,702,,507,,,98,502,,367,,,,717,502,615
21.2,342,596,321,756,195,561,349,387,452,473,153,610,296,482,220,497,259,651,235,762,,528,401,825,378,432,,323,,340,,328,571,,634,702,,507,,,98,504,,368,,,,721,500,616
21.3,342,597,320,759,194,562,348,388,448,473,151,614,295,485,220,499,253,652,235,766,,530,397,831,378,434,,324,,341,,333,571,,634,702,,509,,,98,505,,368,,,,725,494,617
21.4,340,599,319,760,194,564,348,388,448,477,150,618,295,487,219,501,250,653,235,767,,532,396,833,377,436,,325,,341,,336,570,,634,703,,513,,,97,506,,369,,,,729,494,621
21.5,338,601,319,764,194,565,347,392,445,477,149,622,294,489,219,503,250,654,235,769,,532,396,835,377,438,,325,,343,,336,569,,635,703,,513,,,97,507,,370,,,,731,496,623
21.6,336,603,317,768,194,567,346,394,445,481,149,622,294,491,218,505,249,655,234,770,,532,395,835,373,440,,325,,345,,336,564,,636,706,,515,,,97,509,,372,,,,733,496,625
21.7,337,604,317,771,194,568,344,396,438,483,147,627,294,493,218,507,247,655,232,773,,533,391,835,368,442,,324,,348,,341,564,,636,708,,521,,,96,510,,374,,,,735,493,628
21.8,337,604,317,774,191,569,344,396,437,483,147,629,293,494,215,507,247,659,231,776,,537,388,839,366,442,,325,,349,,342,564,,637,709,,521,,,95,512,,376,,,,739,491,629
21.9,335,606,316,776,191,571,344,397,435,483,146,629,293,494,213,509,246,661,229,780,,537,388,841,366,442,,326,,352,,345,563,,637,711,,523,,,95,512,,377,,,,741,491,631
22,335,609,314,778,190,572,344,400,435,483,146,631,291,499,212,511,246,664,228,783,,537,383,843,364,444,,328,,353,,346,562,,636,713,,525,,,96,513,,377,,,,743,492,633
22.1,331,610,312,780,189,573,344,401,435,487,145,634,290,503,208,513,245,664,228,787,,539,383,849,364,446,,330,,357,,350,561,,635,713,,527,,,98,514,,378,,,,747,491,634
22.2,328,611,311,783,186,575,339,403,435,489,145,634,288,505,206,513,244,668,227,790,,539,377,851,362,448,,331,,358,,351,559,,635,715,,529,,,98,516,,379,,,,751,491,637
22.3,324,611,309,785,182,576,339,403,435,493,144,637,287,507,206,515,244,670,226,792,,539,375,853,362,448,,333,,360,,351,557,,636,718,,529,,,98,518,,380,,,,753,489,638
22.4,322,611,308,788,182,576,339,403,433,495,140,639,287,508,206,519,243,670,225,794,,544,375,855,362,448,,333,,362,,352,557,,636,721,,529,,,98,524,,382,,,,754,489,639
22.5,319,613,307,791,181,576,339,405,430,497,138,643,286,512,204,521,243,674,224,798,,544,368,857,362,452,,336,,362,,355,556,,636,721,,529,,,99,524,,383,,,,755,489,639
22.6,319,616,304,795,181,577,339,405,429,497,138,643,285,513,203,523,242,674,221,800,,547,367,859,361,452,,336,,363,,356,553,,636,722,,531,,,99,526,,385,,,,760,485,642
22.7,314,619,304,798,181,579,340,405,426,504,135,643,284,515,200,525,239,675,221,805,,547,363,859,361,456,,337,,364,,356,553,,637,724,,533,,,99,529,,386,,,,765,486,643
22.8,311,621,303,800,178,580,340,405,423,504,135,649,284,516,198,529,238,679,220,809,,548,363,861,361,456,,338,,365,,356,553,,638,727,,535,,,98,532,,386,,,,769,481,644
22.9,311,624,301,803,178,580,338,405,423,504,134,651,284,518,198,531,236,681,218,811,,563,363,865,361,458,,339,,367,,360,553,,640,729,,537,,,97,533,,387,,,,771,480,647
23,311,626,301,807,177,581,337,405,422,506,134,651,284,519,198,533,233,681,216,813,,563,360,867,359,458,,341,,369,,360,553,,641,731,,539,,,96,538,,387,,,,772,479,647
23.1,311,631,300,811,176,583,336,406,422,506,133,651,284,519,198,533,231,682,214,818,,563,358,869,359,462,,342,,370,,361,550,,642,733,,539,,,95,540,,387,,,,776,478,647
23.2,307,635,299,814,176,587,335,409,422,506,133,658,285,521,197,535,229,683,213,822,,563,353,871,358,464,,343,,370,,362,549,,642,733,,541,,,95,542,,390,,,,777,477,648
23.3,305,638,299,818,176,590,334,410,413,508,132,662,285,521,195,535,228,685,212,825,,566,353,873,358,464,,344,,370,,362,546,,643,735,,541,,,94,543,,391,,,,782,473,650
23.4,303,641,298,821,176,593,329,416,412,508,132,665,285,523,193,537,226,688,211,828,,566,351,875,357,466,,345,,371,,363,546,,644,736,,543,,,93,543,,391,,,,784,472,652
23.5,301,644,298,824,176,594,327,417,407,512,131,665,285,524,192,539,225,690,211,,,568,351,879,357,468,,345,,372,,368,545,,644,737,,545,,,93,545,,392,,,,786,468,653
23.6,301,646,296,828,176,596,327,418,405,514,130,668,285,526,191,539,225,693,211,,,568,351,883,357,468,,346,,372,,368,545,,642,740,,547,,,93,546,,394,,,,788,467,654
23.7,297,649,296,831,175,599,327,421,403,514,129,672,284,528,190,539,222,696,211,,,576,351,887,356,468,,346,,372,,368,543,,642,743,,549,,,94,548,,397,,,,793,467,656
23.8,297,651,296,835,174,601,326,422,402,518,126,676,284,530,190,541,,699,210,,,588,351,891,356,468,,346,,373,,367,543,,642,743,,549,,,94,550,,399,,,,797,467,658
23.9,293,652,296,837,171,602,325,424,402,520,125,676,284,531,187,543,,703,209,,,588,347,895,356,468,,348,,374,,367,543,,642,745,,555,,,95,552,,399,,,,800,465,658
24,290,652,294,838,171,604,324,424,401,522,123,681,284,532,184,545,,703,209,,,588,342,895,355,468,,350,,378,,367,543,,642,746,,557,,,95,552,,400,,,,802,465,661
24.1,290,652,294,841,170,606,322,426,399,522,122,681,283,532,181,549,,705,208,,,588,341,895,355,468,,353,,381,,368,542,,642,748,,561,,,95,554,,400,,,,804,465,663
24.2,290,653,292,845,170,607,322,429,394,526,121,684,283,533,181,553,,708,208,,,588,339,901,352,468,,355,,384,,368,542,,642,750,,563,,,96,556,,400,,,,808,465,665
24.3,286,654,291,847,167,607,321,432,393,526,121,690,283,535,181,555,,710,207,,,592,338,905,348,472,,357,,388,,369,541,,641,751,,565,,,98,556,,400,,,,811,463,667
24.4,287,654,290,850,167,610,321,433,382,528,121,692,283,538,180,557,,711,206,,,592,338,911,344,474,,358,,389,,373,541,,640,751,,565,,,98,559,,403,,,,813,463,669
24.5,284,656,290,852,164,612,320,436,380,530,123,694,282,542,180,557,,711,205,,,595,335,911,341,474,,359,,391,,376,541,,640,753,,567,,,99,562,,403,,,,815,463,671
24.6,284,659,290,855,160,615,318,438,380,532,122,694,282,545,179,559,,716,204,,,595,335,913,339,476,,361,,391,,376,538,,640,754,,567,,,99,564,,403,,,,818,464,671
24.7,281,659,289,861,159,617,317,439,379,534,121,698,282,546,174,561,,717,202,,,595,335,917,339,476,,361,,393,,375,538,,641,758,,567,,,99,566,,405,,,,822,463,671
24.8,277,661,287,865,158,617,317,440,377,534,121,700,282,548,173,563,,721,201,,,596,335,919,337,476,,361,,394,,375,538,,642,758,,567,,,99,566,,405,,,,825,463,672
24.9,277,661,286,868,155,618,316,447,376,536,121,702,282,549,171,565,,724,201,,,599,333,921,332,476,,362,,395,,378,538,,644,760,,567,,,99,567,,409,,,,828,463,672
25,274,663,286,873,154,619,316,452,373,540,120,704,282,551,171,569,,725,201,,,599,331,923,332,476,,364,,398,,381,537,,646,762,,571,,,100,568,,411,,,,833,462,673
25.1,274,666,285,876,153,621,316,453,371,540,120,707,298,556,171,571,,728,200,,,602,330,923,331,478,,364,,400,,381,537,,647,765,,573,,,101,569,,411,,,,836,460,674
25.2,271,666,284,879,150,622,316,453,366,542,119,709,299,556,170,571,,730,200,,,602,,929,328,480,,365,,400,,381,536,,648,765,,575,,,101,571,,411,,,,838,459,677
25.3,271,668,282,881,150,623,316,455,366,542,118,709,276,556,170,573,,732,199,,,604,,939,326,482,,368,,401,,384,534,,649,765,,577,,,102,574,,411,,,,842,459,679
25.4,269,671,281,886,150,623,316,457,364,544,118,711,272,560,170,575,,733,199,,,604,,939,326,484,,369,,403,,384,533,,649,766,,583,,,,578,,413,,,,846,458,680
25.5,265,673,281,891,149,623,315,457,363,544,118,714,272,561,169,575,,733,197,,,604,,943,323,484,,371,,407,,384,533,,649,769,,585,,,,579,,414,,,,849,456,683
25.6,265,677,281,894,146,625,315,459,360,544,116,716,272,562,169,577,,735,196,,,606,,943,320,486,,372,,407,,384,532,,650,772,,587,,,,579,,415,,,,851,454,683
25.7,263,680,281,898,146,628,313,459,357,546,112,718,273,570,169,577,,737,194,,,608,,955,320,486,,373,,409,,385,530,,649,775,,589,,,,579,,415,,,,854,453,683
25.8,261,681,280,901,146,630,314,462,355,550,110,722,285,573,169,581,,739,193,,,608,,955,320,486,,373,,411,,390,529,,647,775,,591,,,,580,,415,,,,855,452,684
25.9,257,683,279,904,146,632,314,462,351,550,108,725,334,574,169,583,,742,192,,,608,,955,319,488,,373,,412,,393,528,,647,777,,593,,,,581,,415,,,,858,452,684
26,257,684,278,906,146,633,313,464,350,554,107,725,339,577,168,585,,744,192,,,618,,955,319,490,,376,,414,,396,526,,647,777,,595,,,,583,,415,,,,862,451,686
26.1,254,685,278,907,145,634,312,465,347,556,105,729,,577,168,587,,746,192,,,618,,955,319,490,,376,,415,,396,524,,648,779,,597,,,,584,,416,,,,863,451,685
26.2,254,689,276,909,144,639,312,465,342,560,104,731,,580,166,589,,751,191,,,618,,957,319,490,,376,,419,,396,523,,648,781,,599,,,,586,,417,,,,867,450,686
26.3,252,691,276,910,144,640,312,465,341,564,103,737,,582,163,591,,751,189,,,618,,957,316,490,,376,,423,,397,520,,655,781,,601,,,,586,,417,,,,870,450,687
26.4,250,693,275,913,143,642,311,466,341,564,101,740,,585,163,593,,754,188,,,618,,957,316,490,,376,,423,,401,520,,655,783,,601,,,,587,,420,,,,873,449,686
26.5,251,694,273,916,139,644,310,468,339,566,100,742,,588,161,593,,756,186,,,618,,957,315,492,,378,,424,,401,520,,655,785,,603,,,,588,,422,,,,876,446,686
26.6,249,696,271,918,138,646,308,470,339,566,99,744,,590,159,595,,756,185,,,622,,957,309,494,,378,,424,,404,520,,657,787,,603,,,,591,,422,,,,880,445,689
26.7,245,699,270,920,138,647,306,472,337,568,99,746,,590,159,601,,756,185,,,622,,957,309,494,,378,,425,,404,519,,656,790,,605,,,,593,,423,,,,883,444,692
26.8,243,702,268,923,138,648,304,476,334,568,99,748,,591,157,603,,758,184,,,622,,957,309,494,,380,,427,,405,519,,654,791,,607,,,,595,,423,,,,884,440,693
26.9,243,703,266,927,137,649,304,478,334,574,98,751,,592,156,607,,761,184,,,622,,957,302,496,,382,,428,,409,519,,653,796,,609,,,,597,,423,,,,886,440,693
27,241,704,266,930,136,651,300,480,332,574,96,754,,595,154,609,,763,184,,,623,,959,302,496,,383,,431,,412,518,,651,799,,609,,,,600,,426,,,,889,440,696
27.1,238,705,265,933,136,652,300,482,332,578,94,754,,598,153,611,,766,183,,,623,,959,302,498,,386,,434,,413,518,,650,802,,613,,,,601,,426,,,,893,439,695
27.2,235,706,264,937,136,654,298,482,330,582,,757,,600,153,615,,772,183,,,626,,959,302,498,,387,,434,,416,517,,650,805,,615,,,,602,,429,,,,897,439,695
27.3,235,710,263,940,133,655,297,485,324,586,,760,,604,153,617,,772,181,,,627,,959,302,500,,389,,434,,417,517,,650,806,,617,,,,603,,430,,,,900,437,702
27.4,231,712,262,942,133,656,296,485,323,588,,762,,604,153,619,,772,180,,,631,,959,300,500,,390,,436,,420,514,,651,807,,617,,,,606,,432,,,,903,432,706
27.5,229,716,262,947,133,656,295,487,322,588,,762,,606,152,621,,774,178,,,631,,961,297,502,,393,,437,,420,514,,653,809,,617,,,,610,,437,,,,906,431,708
27.6,227,718,262,,133,656,294,487,319,590,,767,,607,150,623,,776,177,,,637,,961,294,502,,393,,438,,421,514,,654,811,,619,,,,613,,437,,,,909,430,704
27.7,227,720,261,,132,657,294,487,319,590,,767,,611,148,625,,778,177,,,637,,961,291,504,,394,,439,,422,514,,654,812,,619,,,,615,,440,,,,913,430,704
27.8,225,721,261,,129,662,294,487,316,592,,770,,612,148,627,,782,176,,,637,,961,291,506,,394,,440,,423,512,,654,813,,621,,,,617,,440,,,,917,430,711
27.9,225,723,261,,128,664,292,490,314,592,,772,,615,146,631,,783,175,,,641,,963,291,508,,395,,443,,426,512,,654,813,,621,,,,618,,440,,,,919,430,711
28,223,724,260,,128,668,289,490,310,596,,772,,619,146,633,,785,174,,,641,,963,291,510,,397,,444,,427,512,,654,815,,621,,,,622,,440,,,,925,429,714
28.1,223,727,259,,,671,288,490,310,598,,776,,621,146,635,,787,173,,,641,,963,291,510,,398,,445,,430,512,,654,817,,623,,,,624,,442,,,,928,429,713
28.2,218,729,258,,,674,288,492,304,598,,783,,622,146,635,,792,173,,,643,,963,291,510,,398,,446,,430,512,,652,818,,623,,,,625,,442,,,,929,429,714
28.3,218,730,258,,,677,286,496,301,600,,783,,624,142,637,,793,171,,,651,,963,291,512,,399,,448,,431,512,,652,820,,625,,,,625,,442,,,,933,429,715
28.4,215,732,257,,,679,285,498,299,602,,785,,626,140,637,,793,170,,,651,,963,291,514,,399,,451,,431,512,,653,822,,627,,,,625,,442,,,,936,428,719
28.5,217,733,257,,,681,279,498,299,604,,789,,629,139,641,,795,168,,,653,,965,289,518,,400,,451,,431,511,,652,824,,629,,,,626,,445,,,,937,427,722
28.6,213,735,256,,,682,280,499,296,606,,789,,630,138,641,,796,167,,,656,,965,289,518,,400,,451,,432,508,,651,827,,631,,,,629,,445,,,,940,427,722
28.7,211,738,254,,,682,278,503,293,608,,791,,633,,643,,798,166,,,656,,965,289,518,,400,,451,,432,508,,650,829,,631,,,,629,,447,,,,942,426,722
28.8,208,740,254,,,684,279,505,291,608,,793,,635,,643,,798,164,,,658,,962,286,518,,402,,453,,433,505,,650,829,,633,,,,629,,447,,,,945,424,723
28.9,208,742,252,,,686,279,508,287,610,,797,,637,,645,,801,163,,,660,,960,285,520,,404,,455,,436,505,,649,829,,635,,,,632,,448,,,,948,422,725
29,210,743,251,,,688,278,508,287,610,,797,,639,,645,,805,161,,,660,,959,285,522,,404,,456,,437,504,,649,832,,637,,,,632,,450,,,,951,421,726
29.1,208,743,250,,,688,278,510,286,610,,797,,642,,649,,807,159,,,671,,959,282,524,,405,,457,,438,504,,649,832,,639,,,,632,,452,,,,954,422,727
29.2,203,745,249,,,688,277,515,283,610,,800,,643,,651,,810,159,,,671,,959,278,524,,406,,458,,441,502,,650,834,,641,,,,633,,452,,,,957,422,729
29.3,199,747,249,,,690,277,516,283,610,,803,,644,,653,,815,159,,,675,,959,278,528,,408,,459,,441,500,,651,837,,643,,,,635,,453,,,,961,420,734
29.4,199,749,249,,,691,277,519,283,616,,803,,645,,653,,817,158,,,675,,959,278,530,,410,,460,,447,499,,651,839,,645,,,,637,,453,,,,964,420,736
29.5,199,751,248,,,692,277,519,283,616,,805,,649,,653,,819,158,,,675,,959,276,534,,412,,461,,450,496,,651,841,,647,,,,638,,455,,,,967,419,737
29.6,199,752,248,,,694,277,520,279,616,,808,,650,,657,,820,157,,,675,,959,276,536,,412,,461,,451,496,,651,843,,649,,,,640,,456,,,,970,418,737
29.7,199,753,247,,,697,276,521,279,618,,808,,651,,659,,822,156,,,677,,959,276,536,,414,,462,,452,492,,651,846,,653,,,,644,,459,,,,975,417,736
29.8,194,753,246,,,699,275,524,267,620,,811,,653,,661,,826,156,,,677,,959,276,538,,415,,462,,453,492,,651,847,,655,,,,648,,459,,,,978,415,736
29.9,191,753,245,,,700,275,524,267,622,,813,,655,,663,,829,153,,,677,,958,276,540,,414,,463,,454,489,,650,849,,657,,,,650,,461,,,,982,411,739
30,191,757,245,,,701,276,524,267,622,,813,,658,,663,,830,152,,,677,,958,273,544,,414,,464,,454,489,,649,851,,661,,,,652,,463,,,,984,411,742
30.1,189,758,244,,,703,275,526,264,624,,817,,662,,663,,830,151,,,678,,958,,546,,412,,467,,455,488,,647,851,,665,,,,653,,464,,,,987,411,742
30.2,189,759,243,,,705,275,526,263,624,,817,,663,,663,,831,150,,,680,,958,,546,,412,,469,,459,488,,646,854,,665,,,,654,,464,,,,990,406,742
30.3,187,761,240,,,706,275,529,261,624,,821,,664,,665,,831,148,,,683,,958,,546,,412,,471,,459,488,,645,856,,665,,,,656,,464,,,,992,406,745
30.4,184,762,239,,,708,275,529,257,626,,823,,666,,667,,833,145,,,683,,958,,550,,415,,472,,461,488,,643,858,,665,,,,657,,469,,,,996,405,746
30.5,182,762,238,,,710,275,535,257,626,,826,,668,,669,,834,145,,,684,,958,,552,,416,,472,,462,488,,641,858,,665,,,,657,,469,,,,1000,404,746
30.6,182,762,238,,,712,275,539,255,628,,828,,671,,673,,837,143,,,684,,958,,552,,418,,473,,466,488,,641,860,,669,,,,658,,469,,,,1001,402,746
30.7,182,762,236,,,713,273,540,254,628,,828,,672,,675,,838,141,,,687,,958,,552,,424,,474,,466,488,,639,864,,671,,,,658,,471,,,,1002,401,748
30.8,182,764,235,,,714,273,542,251,628,,832,,673,,677,,842,140,,,687,,958,,552,,424,,476,,469,487,,639,866,,671,,,,659,,471,,,,1004,400,749
30.9,177,767,235,,,719,273,542,247,630,,834,,674,,681,,843,140,,,688,,,,552,,427,,477,,469,487,,638,869,,671,,,,661,,471,,,,1005,399,749
31,177,768,234,,,721,270,543,246,630,,836,,674,,683,,849,138,,,689,,,,552,,429,,477,,469,487,,638,871,,675,,,,662,,471,,,,1005,398,750
31.1,173,770,232,,,723,269,547,242,630,,840,,676,,685,,850,137,,,689,,,,554,,430,,479,,469,487,,638,872,,675,,,,664,,471,,,,1005,398,752
31.2,169,771,232,,,724,266,548,242,630,,844,,678,,687,,851,136,,,693,,,,554,,431,,481,,472,487,,638,874,,677,,,,666,,472,,,,1004,398,755
31.3,167,771,232,,,728,266,549,242,630,,847,,679,,687,,853,135,,,695,,,,554,,433,,485,,473,487,,638,876,,677,,,,667,,472,,,,1003,398,756
31.4,167,772,231,,,732,266,552,237,632,,850,,681,,689,,856,135,,,699,,,,556,,431,,488,,474,487,,638,879,,679,,,,670,,472,,,,1001,398,756
31.5,167,772,231,,,734,265,555,237,632,,850,,685,,689,,858,134,,,699,,,,558,,433,,488,,474,487,,638,881,,681,,,,672,,472,,,,1000,397,758
31.6,165,772,230,,,737,262,555,237,634,,852,,685,,693,,858,134,,,699,,,,560,,433,,488,,478,479,,638,881,,683,,,,673,,472,,,,999,397,760
31.7,165,773,229,,,740,261,558,234,634,,854,,686,,697,,858,133,,,706,,,,564,,437,,488,,478,479,,638,882,,685,,,,676,,474,,,,999,396,765
31.8,161,776,229,,,740,260,560,231,636,,860,,688,,699,,861,131,,,706,,,,566,,439,,489,,478,479,,638,883,,685,,,,678,,475,,,,999,392,767
31.9,158,777,228,,,742,256,563,229,638,,860,,691,,703,,865,131,,,706,,,,568,,439,,490,,481,479,,637,883,,685,,,,682,,475,,,,999,391,767
32,158,779,225,,,742,254,563,229,638,,864,,692,,705,,872,130,,,707,,,,570,,443,,490,,481,479,,637,886,,685,,,,683,,478,,,,999,389,769
32.1,158,780,225,,,744,252,565,227,644,,868,,695,,707,,874,129,,,711,,,,570,,443,,491,,484,476,,635,888,,687,,,,686,,483,,,,1000,384,773
32.2,158,782,224,,,748,252,567,225,644,,843,,698,,709,,878,129,,,712,,,,570,,444,,492,,484,473,,633,890,,689,,,,688,,483,,,,1000,384,773
32.3,158,784,223,,,752,252,568,224,644,,841,,700,,711,,881,129,,,714,,,,572,,444,,495,,485,471,,633,890,,689,,,,688,,483,,,,999,382,774
32.4,154,786,222,,,753,250,571,221,644,,839,,700,,715,,881,127,,,721,,,,574,,444,,495,,486,470,,632,893,,689,,,,689,,483,,,,999,380,776
32.5,154,787,222,,,755,248,573,219,644,,835,,701,,717,,882,127,,,721,,,,574,,444,,497,,487,470,,631,895,,689,,,,694,,485,,,,999,378,776
32.6,152,791,222,,,758,247,573,219,644,,835,,702,,719,,883,125,,,721,,,,574,,449,,498,,490,468,,631,897,,693,,,,695,,485,,,,999,378,777
32.7,150,793,221,,,759,247,575,214,644,,835,,703,,723,,886,122,,,721,,,,576,,450,,498,,494,467,,631,900,,695,,,,697,,485,,,,1000,378,777
32.8,148,795,220,,,760,246,578,214,648,,835,,704,,725,,886,122,,,721,,,,580,,453,,499,,495,467,,630,901,,697,,,,698,,485,,,,1000,378,778
32.9,149,798,219,,,763,245,580,212,648,,834,,707,,727,,887,120,,,726,,,,582,,454,,499,,495,467,,629,904,,699,,,,700,,487,,,,1000,378,779
33,147,800,218,,,765,244,582,208,652,,831,,712,,729,,890,118,,,728,,,,584,,454,,502,,495,464,,628,906,,701,,,,703,,487,,,,999,376,783
33.1,147,802,217,,,767,243,583,204,652,,831,,715,,731,,893,118,,,730,,,,586,,455,,503,,498,462,,627,907,,703,,,,705,,487,,,,1000,375,785
33.2,147,802,216,,,769,243,585,204,654,,830,,716,,733,,893,116,,,730,,,,588,,456,,506,,499,462,,627,908,,705,,,,706,,492,,,,1000,375,786
33.3,143,803,214,,,771,242,590,203,656,,829,,719,,735,,894,115,,,735,,,,590,,457,,507,,500,462,,626,909,,705,,,,707,,493,,,,1000,374,788
33.4,144,804,213,,,774,241,590,200,658,,826,,720,,735,,894,115,,,735,,,,590,,458,,510,,505,461,,625,909,,707,,,,710,,493,,,,999,373,789
33.5,142,805,211,,,776,241,593,198,662,,826,,724,,737,,894,114,,,735,,,,590,,459,,510,,506,461,,625,909,,711,,,,711,,493,,,,1000,373,791
33.6,140,808,209,,,777,241,594,198,664,,826,,726,,739,,896,111,,,738,,,,592,,461,,511,,507,461,,624,909,,713,,,,714,,493,,,,1000,373,794
33.7,137,811,208,,,780,239,594,193,664,,825,,728,,741,,898,110,,,741,,,,592,,463,,512,,511,461,,623,911,,715,,,,716,,498,,,,1000,373,796
33.8,135,812,208,,,780,237,594,186,664,,824,,731,,743,,901,108,,,741,,,,592,,464,,517,,511,460,,618,914,,717,,,,718,,499,,,,1000,373,796
33.9,135,812,207,,,783,236,595,185,666,,822,,734,,745,,901,107,,,741,,,,594,,464,,518,,515,457,,617,917,,717,,,,719,,500,,,,1000,372,796
34,132,812,206,,,784,236,596,183,666,,822,,735,,749,,906,106,,,741,,,,596,,464,,519,,515,456,,616,919,,717,,,,720,,504,,,,1000,371,797
34.1,130,812,205,,,785,236,599,183,666,,819,,737,,749,,906,105,,,744,,,,596,,464,,520,,519,454,,615,921,,721,,,,722,,506,,,,1000,370,799
34.2,130,812,204,,,787,236,603,183,666,,816,,738,,753,,910,105,,,744,,,,596,,467,,524,,520,453,,613,925,,725,,,,724,,507,,,,1000,368,801
34.3,126,814,202,,,790,236,604,183,670,,816,,739,,755,,912,103,,,744,,,,598,,469,,524,,521,452,,612,926,,727,,,,727,,508,,,,1000,366,804
34.4,126,814,201,,,792,235,605,183,672,,815,,740,,757,,913,103,,,746,,,,600,,470,,525,,522,450,,611,927,,729,,,,728,,510,,,,1000,364,802
34.5,126,815,199,,,794,235,605,179,672,,814,,743,,761,,917,102,,,746,,,,600,,471,,529,,525,449,,610,928,,731,,,,729,,512,,,,1000,363,804
34.6,122,818,198,,,796,235,606,176,674,,814,,747,,763,,918,101,,,749,,,,602,,472,,532,,525,449,,608,930,,735,,,,730,,515,,,,1000,363,797
34.7,122,820,198,,,796,235,611,171,674,,814,,747,,765,,918,101,,,749,,,,604,,475,,532,,525,449,,608,932,,737,,,,733,,515,,,,,362,811
34.8,120,821,196,,,798,233,612,167,676,,814,,748,,767,,924,101,,,755,,,,606,,476,,534,,526,448,,608,932,,737,,,,736,,517,,,,,362,814
34.9,,,,,,,,,,,,,,,,,,,,,,,,,,,,,,,,,,,,,,,,,,,,,,,,,,
35,,,,,,,,,,,,,,,,,,,,,,,,,,,,,,,,,,,,,,,,,,,,,,,,,,
35.1,,,,,,,,,,,,,,,,,,,,,,,,,,,,,,,,,,,,,,,,,,,,,,,,,,
35.2,,,,,,,,,,,,,,,,,,,,,,,,,,,,,,,,,,,,,,,,,,,,,,,,,,
35.3,,,,,,,,,,,,,,,,,,,,,,,,,,,,,,,,,,,,,,,,,,,,,,,,,,
35.4,,,,,,,,,,,,,,,,,,,,,,,,,,,,,,,,,,,,,,,,,,,,,,,,,,
,,,,,,,,,,,,,,,,,,,,,,,,,,,,,,,,,,,,,,,,,,,,,,,,,,
,,,,,,,,,,,,,,,,,,,,,,,,,,,,,,,,,,,,,,,,,,,,,,,,,,
,,,,,,,,,,,,,,,,,,,,,,,,,,,,,,,,,,,,,,,,,,,,,,,,,,
,,,,,,,,,,,,,,,,,,,,,,,,,,,,,,,,,,,,,,,,,,,,,,,,,,
,,,,,,,,,,,,,,,,,,,,,,,,,,,,,,,,,,,,,,,,,,,,,,,,,,
,,,,,,,,,,,,,,,,,,,,,,,,,,,,,,,,,,,,,,,,,,,,,,,,,,
,,,,,,,,,,,,,,,,,,,,,,,,,,,,,,,,,,,,,,,,,,,,,,,,,,
,,,,,,,,,,,,,,,,,,,,,,,,,,,,,,,,,,,,,,,,,,,,,,,,,,
,,,,,,,,,,,,,,,,,,,,,,,,,,,,,,,,,,,,,,,,,,,,,,,,,,
,,,,,,,,,,,,,,,,,,,,,,,,,,,,,,,,,,,,,,,,,,,,,,,,,,
,,,,,,,,,,,,,,,,,,,,,,,,,,,,,,,,,,,,,,,,,,,,,,,,,,
,,,,,,,,,,,,,,,,,,,,,,,,,,,,,,,,,,,,,,,,,,,,,,,,,,
,,,,,,,,,,,,,,,,,,,,,,,,,,,,,,,,,,,,,,,,,,,,,,,,,,
,,,,,,,,,,,,,,,,,,,,,,,,,,,,,,,,,,,,,,,,,,,,,,,,,,
,,,,,,,,,,,,,,,,,,,,,,,,,,,,,,,,,,,,,,,,,,,,,,,,,,
,,,,,,,,,,,,,,,,,,,,,,,,,,,,,,,,,,,,,,,,,,,,,,,,,,
,,,,,,,,,,,,,,,,,,,,,,,,,,,,,,,,,,,,,,,,,,,,,,,,,,
,,,,,,,,,,,,,,,,,,,,,,,,,,,,,,,,,,,,,,,,,,,,,,,,,,
,,,,,,,,,,,,,,,,,,,,,,,,,,,,,,,,,,,,,,,,,,,,,,,,,,
,,,,,,,,,,,,,,,,,,,,,,,,,,,,,,,,,,,,,,,,,,,,,,,,,,
,,,,,,,,,,,,,,,,,,,,,,,,,,,,,,,,,,,,,,,,,,,,,,,,,,
,,,,,,,,,,,,,,,,,,,,,,,,,,,,,,,,,,,,,,,,,,,,,,,,,,
,,,,,,,,,,,,,,,,,,,,,,,,,,,,,,,,,,,,,,,,,,,,,,,,,,
,,,,,,,,,,,,,,,,,,,,,,,,,,,,,,,,,,,,,,,,,,,,,,,,,,
,,,,,,,,,,,,,,,,,,,,,,,,,,,,,,,,,,,,,,,,,,,,,,,,,,
,,,,,,,,,,,,,,,,,,,,,,,,,,,,,,,,,,,,,,,,,,,,,,,,,,
,,,,,,,,,,,,,,,,,,,,,,,,,,,,,,,,,,,,,,,,,,,,,,,,,,
,,,,,,,,,,,,,,,,,,,,,,,,,,,,,,,,,,,,,,,,,,,,,,,,,,
,,,,,,,,,,,,,,,,,,,,,,,,,,,,,,,,,,,,,,,,,,,,,,,,,,
,,,,,,,,,,,,,,,,,,,,,,,,,,,,,,,,,,,,,,,,,,,,,,,,,,
,,,,,,,,,,,,,,,,,,,,,,,,,,,,,,,,,,,,,,,,,,,,,,,,,,
,,,,,,,,,,,,,,,,,,,,,,,,,,,,,,,,,,,,,,,,,,,,,,,,,,
,,,,,,,,,,,,,,,,,,,,,,,,,,,,,,,,,,,,,,,,,,,,,,,,,,
,,,,,,,,,,,,,,,,,,,,,,,,,,,,,,,,,,,,,,,,,,,,,,,,,,
,,,,,,,,,,,,,,,,,,,,,,,,,,,,,,,,,,,,,,,,,,,,,,,,,,
,,,,,,,,,,,,,,,,,,,,,,,,,,,,,,,,,,,,,,,,,,,,,,,,,,
,,,,,,,,,,,,,,,,,,,,,,,,,,,,,,,,,,,,,,,,,,,,,,,,,,
,,,,,,,,,,,,,,,,,,,,,,,,,,,,,,,,,,,,,,,,,,,,,,,,,,
,,,,,,,,,,,,,,,,,,,,,,,,,,,,,,,,,,,,,,,,,,,,,,,,,,
,,,,,,,,,,,,,,,,,,,,,,,,,,,,,,,,,,,,,,,,,,,,,,,,,,
,,,,,,,,,,,,,,,,,,,,,,,,,,,,,,,,,,,,,,,,,,,,,,,,,,
,,,,,,,,,,,,,,,,,,,,,,,,,,,,,,,,,,,,,,,,,,,,,,,,,,
,,,,,,,,,,,,,,,,,,,,,,,,,,,,,,,,,,,,,,,,,,,,,,,,,,
,,,,,,,,,,,,,,,,,,,,,,,,,,,,,,,,,,,,,,,,,,,,,,,,,,
,,,,,,,,,,,,,,,,,,,,,,,,,,,,,,,,,,,,,,,,,,,,,,,,,,
,,,,,,,,,,,,,,,,,,,,,,,,,,,,,,,,,,,,,,,,,,,,,,,,,,
,,,,,,,,,,,,,,,,,,,,,,,,,,,,,,,,,,,,,,,,,,,,,,,,,,
,,,,,,,,,,,,,,,,,,,,,,,,,,,,,,,,,,,,,,,,,,,,,,,,,,
,,,,,,,,,,,,,,,,,,,,,,,,,,,,,,,,,,,,,,,,,,,,,,,,,,
,,,,,,,,,,,,,,,,,,,,,,,,,,,,,,,,,,,,,,,,,,,,,,,,,,
,,,,,,,,,,,,,,,,,,,,,,,,,,,,,,,,,,,,,,,,,,,,,,,,,,
,,,,,,,,,,,,,,,,,,,,,,,,,,,,,,,,,,,,,,,,,,,,,,,,,,
,,,,,,,,,,,,,,,,,,,,,,,,,,,,,,,,,,,,,,,,,,,,,,,,,,
,,,,,,,,,,,,,,,,,,,,,,,,,,,,,,,,,,,,,,,,,,,,,,,,,,
,,,,,,,,,,,,,,,,,,,,,,,,,,,,,,,,,,,,,,,,,,,,,,,,,,
,,,,,,,,,,,,,,,,,,,,,,,,,,,,,,,,,,,,,,,,,,,,,,,,,,
,,,,,,,,,,,,,,,,,,,,,,,,,,,,,,,,,,,,,,,,,,,,,,,,,,
,,,,,,,,,,,,,,,,,,,,,,,,,,,,,,,,,,,,,,,,,,,,,,,,,,
,,,,,,,,,,,,,,,,,,,,,,,,,,,,,,,,,,,,,,,,,,,,,,,,,,
,,,,,,,,,,,,,,,,,,,,,,,,,,,,,,,,,,,,,,,,,,,,,,,,,,
,,,,,,,,,,,,,,,,,,,,,,,,,,,,,,,,,,,,,,,,,,,,,,,,,,
,,,,,,,,,,,,,,,,,,,,,,,,,,,,,,,,,,,,,,,,,,,,,,,,,,
,,,,,,,,,,,,,,,,,,,,,,,,,,,,,,,,,,,,,,,,,,,,,,,,,,
,,,,,,,,,,,,,,,,,,,,,,,,,,,,,,,,,,,,,,,,,,,,,,,,,,
,,,,,,,,,,,,,,,,,,,,,,,,,,,,,,,,,,,,,,,,,,,,,,,,,,
,,,,,,,,,,,,,,,,,,,,,,,,,,,,,,,,,,,,,,,,,,,,,,,,,,
,,,,,,,,,,,,,,,,,,,,,,,,,,,,,,,,,,,,,,,,,,,,,,,,,,
,,,,,,,,,,,,,,,,,,,,,,,,,,,,,,,,,,,,,,,,,,,,,,,,,,
,,,,,,,,,,,,,,,,,,,,,,,,,,,,,,,,,,,,,,,,,,,,,,,,,,
,,,,,,,,,,,,,,,,,,,,,,,,,,,,,,,,,,,,,,,,,,,,,,,,,,
,,,,,,,,,,,,,,,,,,,,,,,,,,,,,,,,,,,,,,,,,,,,,,,,,,
,,,,,,,,,,,,,,,,,,,,,,,,,,,,,,,,,,,,,,,,,,,,,,,,,,
,,,,,,,,,,,,,,,,,,,,,,,,,,,,,,,,,,,,,,,,,,,,,,,,,,
,,,,,,,,,,,,,,,,,,,,,,,,,,,,,,,,,,,,,,,,,,,,,,,,,,
,,,,,,,,,,,,,,,,,,,,,,,,,,,,,,,,,,,,,,,,,,,,,,,,,,
,,,,,,,,,,,,,,,,,,,,,,,,,,,,,,,,,,,,,,,,,,,,,,,,,,
,,,,,,,,,,,,,,,,,,,,,,,,,,,,,,,,,,,,,,,,,,,,,,,,,,
,,,,,,,,,,,,,,,,,,,,,,,,,,,,,,,,,,,,,,,,,,,,,,,,,,
,,,,,,,,,,,,,,,,,,,,,,,,,,,,,,,,,,,,,,,,,,,,,,,,,,
,,,,,,,,,,,,,,,,,,,,,,,,,,,,,,,,,,,,,,,,,,,,,,,,,,
,,,,,,,,,,,,,,,,,,,,,,,,,,,,,,,,,,,,,,,,,,,,,,,,,,
,,,,,,,,,,,,,,,,,,,,,,,,,,,,,,,,,,,,,,,,,,,,,,,,,,
,,,,,,,,,,,,,,,,,,,,,,,,,,,,,,,,,,,,,,,,,,,,,,,,,,
,,,,,,,,,,,,,,,,,,,,,,,,,,,,,,,,,,,,,,,,,,,,,,,,,,
,,,,,,,,,,,,,,,,,,,,,,,,,,,,,,,,,,,,,,,,,,,,,,,,,,
,,,,,,,,,,,,,,,,,,,,,,,,,,,,,,,,,,,,,,,,,,,,,,,,,,
,,,,,,,,,,,,,,,,,,,,,,,,,,,,,,,,,,,,,,,,,,,,,,,,,,
,,,,,,,,,,,,,,,,,,,,,,,,,,,,,,,,,,,,,,,,,,,,,,,,,,
,,,,,,,,,,,,,,,,,,,,,,,,,,,,,,,,,,,,,,,,,,,,,,,,,,
,,,,,,,,,,,,,,,,,,,,,,,,,,,,,,,,,,,,,,,,,,,,,,,,,,
,,,,,,,,,,,,,,,,,,,,,,,,,,,,,,,,,,,,,,,,,,,,,,,,,,
,,,,,,,,,,,,,,,,,,,,,,,,,,,,,,,,,,,,,,,,,,,,,,,,,,
,,,,,,,,,,,,,,,,,,,,,,,,,,,,,,,,,,,,,,,,,,,,,,,,,,
,,,,,,,,,,,,,,,,,,,,,,,,,,,,,,,,,,,,,,,,,,,,,,,,,,
,,,,,,,,,,,,,,,,,,,,,,,,,,,,,,,,,,,,,,,,,,,,,,,,,,
,,,,,,,,,,,,,,,,,,,,,,,,,,,,,,,,,,,,,,,,,,,,,,,,,,
,,,,,,,,,,,,,,,,,,,,,,,,,,,,,,,,,,,,,,,,,,,,,,,,,,
,,,,,,,,,,,,,,,,,,,,,,,,,,,,,,,,,,,,,,,,,,,,,,,,,,
,,,,,,,,,,,,,,,,,,,,,,,,,,,,,,,,,,,,,,,,,,,,,,,,,,
,,,,,,,,,,,,,,,,,,,,,,,,,,,,,,,,,,,,,,,,,,,,,,,,,,
,,,,,,,,,,,,,,,,,,,,,,,,,,,,,,,,,,,,,,,,,,,,,,,,,,
,,,,,,,,,,,,,,,,,,,,,,,,,,,,,,,,,,,,,,,,,,,,,,,,,,
,,,,,,,,,,,,,,,,,,,,,,,,,,,,,,,,,,,,,,,,,,,,,,,,,,
,,,,,,,,,,,,,,,,,,,,,,,,,,,,,,,,,,,,,,,,,,,,,,,,,,
,,,,,,,,,,,,,,,,,,,,,,,,,,,,,,,,,,,,,,,,,,,,,,,,,,
,,,,,,,,,,,,,,,,,,,,,,,,,,,,,,,,,,,,,,,,,,,,,,,,,,
,,,,,,,,,,,,,,,,,,,,,,,,,,,,,,,,,,,,,,,,,,,,,,,,,,
,,,,,,,,,,,,,,,,,,,,,,,,,,,,,,,,,,,,,,,,,,,,,,,,,,
,,,,,,,,,,,,,,,,,,,,,,,,,,,,,,,,,,,,,,,,,,,,,,,,,,
,,,,,,,,,,,,,,,,,,,,,,,,,,,,,,,,,,,,,,,,,,,,,,,,,,
,,,,,,,,,,,,,,,,,,,,,,,,,,,,,,,,,,,,,,,,,,,,,,,,,,
,,,,,,,,,,,,,,,,,,,,,,,,,,,,,,,,,,,,,,,,,,,,,,,,,,
,,,,,,,,,,,,,,,,,,,,,,,,,,,,,,,,,,,,,,,,,,,,,,,,,,
,,,,,,,,,,,,,,,,,,,,,,,,,,,,,,,,,,,,,,,,,,,,,,,,,,
,,,,,,,,,,,,,,,,,,,,,,,,,,,,,,,,,,,,,,,,,,,,,,,,,,
,,,,,,,,,,,,,,,,,,,,,,,,,,,,,,,,,,,,,,,,,,,,,,,,,,
,,,,,,,,,,,,,,,,,,,,,,,,,,,,,,,,,,,,,,,,,,,,,,,,,,
,,,,,,,,,,,,,,,,,,,,,,,,,,,,,,,,,,,,,,,,,,,,,,,,,,
,,,,,,,,,,,,,,,,,,,,,,,,,,,,,,,,,,,,,,,,,,,,,,,,,,
,,,,,,,,,,,,,,,,,,,,,,,,,,,,,,,,,,,,,,,,,,,,,,,,,,
,,,,,,,,,,,,,,,,,,,,,,,,,,,,,,,,,,,,,,,,,,,,,,,,,,
,,,,,,,,,,,,,,,,,,,,,,,,,,,,,,,,,,,,,,,,,,,,,,,,,,
,,,,,,,,,,,,,,,,,,,,,,,,,,,,,,,,,,,,,,,,,,,,,,,,,,
,,,,,,,,,,,,,,,,,,,,,,,,,,,,,,,,,,,,,,,,,,,,,,,,,,
,,,,,,,,,,,,,,,,,,,,,,,,,,,,,,,,,,,,,,,,,,,,,,,,,,
,,,,,,,,,,,,,,,,,,,,,,,,,,,,,,,,,,,,,,,,,,,,,,,,,,
,,,,,,,,,,,,,,,,,,,,,,,,,,,,,,,,,,,,,,,,,,,,,,,,,,
,,,,,,,,,,,,,,,,,,,,,,,,,,,,,,,,,,,,,,,,,,,,,,,,,,
,,,,,,,,,,,,,,,,,,,,,,,,,,,,,,,,,,,,,,,,,,,,,,,,,,
,,,,,,,,,,,,,,,,,,,,,,,,,,,,,,,,,,,,,,,,,,,,,,,,,,
,,,,,,,,,,,,,,,,,,,,,,,,,,,,,,,,,,,,,,,,,,,,,,,,,,
,,,,,,,,,,,,,,,,,,,,,,,,,,,,,,,,,,,,,,,,,,,,,,,,,,
,,,,,,,,,,,,,,,,,,,,,,,,,,,,,,,,,,,,,,,,,,,,,,,,,,
,,,,,,,,,,,,,,,,,,,,,,,,,,,,,,,,,,,,,,,,,,,,,,,,,,
,,,,,,,,,,,,,,,,,,,,,,,,,,,,,,,,,,,,,,,,,,,,,,,,,,
,,,,,,,,,,,,,,,,,,,,,,,,,,,,,,,,,,,,,,,,,,,,,,,,,,
,,,,,,,,,,,,,,,,,,,,,,,,,,,,,,,,,,,,,,,,,,,,,,,,,,
,,,,,,,,,,,,,,,,,,,,,,,,,,,,,,,,,,,,,,,,,,,,,,,,,,
,,,,,,,,,,,,,,,,,,,,,,,,,,,,,,,,,,,,,,,,,,,,,,,,,,
,,,,,,,,,,,,,,,,,,,,,,,,,,,,,,,,,,,,,,,,,,,,,,,,,,
,,,,,,,,,,,,,,,,,,,,,,,,,,,,,,,,,,,,,,,,,,,,,,,,,,
,,,,,,,,,,,,,,,,,,,,,,,,,,,,,,,,,,,,,,,,,,,,,,,,,,
,,,,,,,,,,,,,,,,,,,,,,,,,,,,,,,,,,,,,,,,,,,,,,,,,,
,,,,,,,,,,,,,,,,,,,,,,,,,,,,,,,,,,,,,,,,,,,,,,,,,,
,,,,,,,,,,,,,,,,,,,,,,,,,,,,,,,,,,,,,,,,,,,,,,,,,,
,,,,,,,,,,,,,,,,,,,,,,,,,,,,,,,,,,,,,,,,,,,,,,,,,,
,,,,,,,,,,,,,,,,,,,,,,,,,,,,,,,,,,,,,,,,,,,,,,,,,,
,,,,,,,,,,,,,,,,,,,,,,,,,,,,,,,,,,,,,,,,,,,,,,,,,,
,,,,,,,,,,,,,,,,,,,,,,,,,,,,,,,,,,,,,,,,,,,,,,,,,,
,,,,,,,,,,,,,,,,,,,,,,,,,,,,,,,,,,,,,,,,,,,,,,,,,,
,,,,,,,,,,,,,,,,,,,,,,,,,,,,,,,,,,,,,,,,,,,,,,,,,,
,,,,,,,,,,,,,,,,,,,,,,,,,,,,,,,,,,,,,,,,,,,,,,,,,,
,,,,,,,,,,,,,,,,,,,,,,,,,,,,,,,,,,,,,,,,,,,,,,,,,,
,,,,,,,,,,,,,,,,,,,,,,,,,,,,,,,,,,,,,,,,,,,,,,,,,,
,,,,,,,,,,,,,,,,,,,,,,,,,,,,,,,,,,,,,,,,,,,,,,,,,,
,,,,,,,,,,,,,,,,,,,,,,,,,,,,,,,,,,,,,,,,,,,,,,,,,,
,,,,,,,,,,,,,,,,,,,,,,,,,,,,,,,,,,,,,,,,,,,,,,,,,,
,,,,,,,,,,,,,,,,,,,,,,,,,,,,,,,,,,,,,,,,,,,,,,,,,,
,,,,,,,,,,,,,,,,,,,,,,,,,,,,,,,,,,,,,,,,,,,,,,,,,,
,,,,,,,,,,,,,,,,,,,,,,,,,,,,,,,,,,,,,,,,,,,,,,,,,,
,,,,,,,,,,,,,,,,,,,,,,,,,,,,,,,,,,,,,,,,,,,,,,,,,,
,,,,,,,,,,,,,,,,,,,,,,,,,,,,,,,,,,,,,,,,,,,,,,,,,,
,,,,,,,,,,,,,,,,,,,,,,,,,,,,,,,,,,,,,,,,,,,,,,,,,,
,,,,,,,,,,,,,,,,,,,,,,,,,,,,,,,,,,,,,,,,,,,,,,,,,,
,,,,,,,,,,,,,,,,,,,,,,,,,,,,,,,,,,,,,,,,,,,,,,,,,,
,,,,,,,,,,,,,,,,,,,,,,,,,,,,,,,,,,,,,,,,,,,,,,,,,,
,,,,,,,,,,,,,,,,,,,,,,,,,,,,,,,,,,,,,,,,,,,,,,,,,,
,,,,,,,,,,,,,,,,,,,,,,,,,,,,,,,,,,,,,,,,,,,,,,,,,,
,,,,,,,,,,,,,,,,,,,,,,,,,,,,,,,,,,,,,,,,,,,,,,,,,,
,,,,,,,,,,,,,,,,,,,,,,,,,,,,,,,,,,,,,,,,,,,,,,,,,,
,,,,,,,,,,,,,,,,,,,,,,,,,,,,,,,,,,,,,,,,,,,,,,,,,,
,,,,,,,,,,,,,,,,,,,,,,,,,,,,,,,,,,,,,,,,,,,,,,,,,,
,,,,,,,,,,,,,,,,,,,,,,,,,,,,,,,,,,,,,,,,,,,,,,,,,,
,,,,,,,,,,,,,,,,,,,,,,,,,,,,,,,,,,,,,,,,,,,,,,,,,,
,,,,,,,,,,,,,,,,,,,,,,,,,,,,,,,,,,,,,,,,,,,,,,,,,,
,,,,,,,,,,,,,,,,,,,,,,,,,,,,,,,,,,,,,,,,,,,,,,,,,,
,,,,,,,,,,,,,,,,,,,,,,,,,,,,,,,,,,,,,,,,,,,,,,,,,,
,,,,,,,,,,,,,,,,,,,,,,,,,,,,,,,,,,,,,,,,,,,,,,,,,,
,,,,,,,,,,,,,,,,,,,,,,,,,,,,,,,,,,,,,,,,,,,,,,,,,,
,,,,,,,,,,,,,,,,,,,,,,,,,,,,,,,,,,,,,,,,,,,,,,,,,,
,,,,,,,,,,,,,,,,,,,,,,,,,,,,,,,,,,,,,,,,,,,,,,,,,,
,,,,,,,,,,,,,,,,,,,,,,,,,,,,,,,,,,,,,,,,,,,,,,,,,,
,,,,,,,,,,,,,,,,,,,,,,,,,,,,,,,,,,,,,,,,,,,,,,,,,,
,,,,,,,,,,,,,,,,,,,,,,,,,,,,,,,,,,,,,,,,,,,,,,,,,,
,,,,,,,,,,,,,,,,,,,,,,,,,,,,,,,,,,,,,,,,,,,,,,,,,,
,,,,,,,,,,,,,,,,,,,,,,,,,,,,,,,,,,,,,,,,,,,,,,,,,,
,,,,,,,,,,,,,,,,,,,,,,,,,,,,,,,,,,,,,,,,,,,,,,,,,,
,,,,,,,,,,,,,,,,,,,,,,,,,,,,,,,,,,,,,,,,,,,,,,,,,,
,,,,,,,,,,,,,,,,,,,,,,,,,,,,,,,,,,,,,,,,,,,,,,,,,,
,,,,,,,,,,,,,,,,,,,,,,,,,,,,,,,,,,,,,,,,,,,,,,,,,,
,,,,,,,,,,,,,,,,,,,,,,,,,,,,,,,,,,,,,,,,,,,,,,,,,,
,,,,,,,,,,,,,,,,,,,,,,,,,,,,,,,,,,,,,,,,,,,,,,,,,,
,,,,,,,,,,,,,,,,,,,,,,,,,,,,,,,,,,,,,,,,,,,,,,,,,,
,,,,,,,,,,,,,,,,,,,,,,,,,,,,,,,,,,,,,,,,,,,,,,,,,,
,,,,,,,,,,,,,,,,,,,,,,,,,,,,,,,,,,,,,,,,,,,,,,,,,,
,,,,,,,,,,,,,,,,,,,,,,,,,,,,,,,,,,,,,,,,,,,,,,,,,,
,,,,,,,,,,,,,,,,,,,,,,,,,,,,,,,,,,,,,,,,,,,,,,,,,,
,,,,,,,,,,,,,,,,,,,,,,,,,,,,,,,,,,,,,,,,,,,,,,,,,,
,,,,,,,,,,,,,,,,,,,,,,,,,,,,,,,,,,,,,,,,,,,,,,,,,,
,,,,,,,,,,,,,,,,,,,,,,,,,,,,,,,,,,,,,,,,,,,,,,,,,,
,,,,,,,,,,,,,,,,,,,,,,,,,,,,,,,,,,,,,,,,,,,,,,,,,,
,,,,,,,,,,,,,,,,,,,,,,,,,,,,,,,,,,,,,,,,,,,,,,,,,,
,,,,,,,,,,,,,,,,,,,,,,,,,,,,,,,,,,,,,,,,,,,,,,,,,,
,,,,,,,,,,,,,,,,,,,,,,,,,,,,,,,,,,,,,,,,,,,,,,,,,,
,,,,,,,,,,,,,,,,,,,,,,,,,,,,,,,,,,,,,,,,,,,,,,,,,,
,,,,,,,,,,,,,,,,,,,,,,,,,,,,,,,,,,,,,,,,,,,,,,,,,,
,,,,,,,,,,,,,,,,,,,,,,,,,,,,,,,,,,,,,,,,,,,,,,,,,,
,,,,,,,,,,,,,,,,,,,,,,,,,,,,,,,,,,,,,,,,,,,,,,,,,,
,,,,,,,,,,,,,,,,,,,,,,,,,,,,,,,,,,,,,,,,,,,,,,,,,,
,,,,,,,,,,,,,,,,,,,,,,,,,,,,,,,,,,,,,,,,,,,,,,,,,,
,,,,,,,,,,,,,,,,,,,,,,,,,,,,,,,,,,,,,,,,,,,,,,,,,,
,,,,,,,,,,,,,,,,,,,,,,,,,,,,,,,,,,,,,,,,,,,,,,,,,,
,,,,,,,,,,,,,,,,,,,,,,,,,,,,,,,,,,,,,,,,,,,,,,,,,,
,,,,,,,,,,,,,,,,,,,,,,,,,,,,,,,,,,,,,,,,,,,,,,,,,,
,,,,,,,,,,,,,,,,,,,,,,,,,,,,,,,,,,,,,,,,,,,,,,,,,,
,,,,,,,,,,,,,,,,,,,,,,,,,,,,,,,,,,,,,,,,,,,,,,,,,,
,,,,,,,,,,,,,,,,,,,,,,,,,,,,,,,,,,,,,,,,,,,,,,,,,,
,,,,,,,,,,,,,,,,,,,,,,,,,,,,,,,,,,,,,,,,,,,,,,,,,,
,,,,,,,,,,,,,,,,,,,,,,,,,,,,,,,,,,,,,,,,,,,,,,,,,,
,,,,,,,,,,,,,,,,,,,,,,,,,,,,,,,,,,,,,,,,,,,,,,,,,,
,,,,,,,,,,,,,,,,,,,,,,,,,,,,,,,,,,,,,,,,,,,,,,,,,,
,,,,,,,,,,,,,,,,,,,,,,,,,,,,,,,,,,,,,,,,,,,,,,,,,,
,,,,,,,,,,,,,,,,,,,,,,,,,,,,,,,,,,,,,,,,,,,,,,,,,,
,,,,,,,,,,,,,,,,,,,,,,,,,,,,,,,,,,,,,,,,,,,,,,,,,,
,,,,,,,,,,,,,,,,,,,,,,,,,,,,,,,,,,,,,,,,,,,,,,,,,,
,,,,,,,,,,,,,,,,,,,,,,,,,,,,,,,,,,,,,,,,,,,,,,,,,,
,,,,,,,,,,,,,,,,,,,,,,,,,,,,,,,,,,,,,,,,,,,,,,,,,,
,,,,,,,,,,,,,,,,,,,,,,,,,,,,,,,,,,,,,,,,,,,,,,,,,,
,,,,,,,,,,,,,,,,,,,,,,,,,,,,,,,,,,,,,,,,,,,,,,,,,,
,,,,,,,,,,,,,,,,,,,,,,,,,,,,,,,,,,,,,,,,,,,,,,,,,,
,,,,,,,,,,,,,,,,,,,,,,,,,,,,,,,,,,,,,,,,,,,,,,,,,,
,,,,,,,,,,,,,,,,,,,,,,,,,,,,,,,,,,,,,,,,,,,,,,,,,,
,,,,,,,,,,,,,,,,,,,,,,,,,,,,,,,,,,,,,,,,,,,,,,,,,,
,,,,,,,,,,,,,,,,,,,,,,,,,,,,,,,,,,,,,,,,,,,,,,,,,,
,,,,,,,,,,,,,,,,,,,,,,,,,,,,,,,,,,,,,,,,,,,,,,,,,,
,,,,,,,,,,,,,,,,,,,,,,,,,,,,,,,,,,,,,,,,,,,,,,,,,,
,,,,,,,,,,,,,,,,,,,,,,,,,,,,,,,,,,,,,,,,,,,,,,,,,,
,,,,,,,,,,,,,,,,,,,,,,,,,,,,,,,,,,,,,,,,,,,,,,,,,,
,,,,,,,,,,,,,,,,,,,,,,,,,,,,,,,,,,,,,,,,,,,,,,,,,,
,,,,,,,,,,,,,,,,,,,,,,,,,,,,,,,,,,,,,,,,,,,,,,,,,,
,,,,,,,,,,,,,,,,,,,,,,,,,,,,,,,,,,,,,,,,,,,,,,,,,,
,,,,,,,,,,,,,,,,,,,,,,,,,,,,,,,,,,,,,,,,,,,,,,,,,,
,,,,,,,,,,,,,,,,,,,,,,,,,,,,,,,,,,,,,,,,,,,,,,,,,,
,,,,,,,,,,,,,,,,,,,,,,,,,,,,,,,,,,,,,,,,,,,,,,,,,,
,,,,,,,,,,,,,,,,,,,,,,,,,,,,,,,,,,,,,,,,,,,,,,,,,,
,,,,,,,,,,,,,,,,,,,,,,,,,,,,,,,,,,,,,,,,,,,,,,,,,,
,,,,,,,,,,,,,,,,,,,,,,,,,,,,,,,,,,,,,,,,,,,,,,,,,,
,,,,,,,,,,,,,,,,,,,,,,,,,,,,,,,,,,,,,,,,,,,,,,,,,,
,,,,,,,,,,,,,,,,,,,,,,,,,,,,,,,,,,,,,,,,,,,,,,,,,,
,,,,,,,,,,,,,,,,,,,,,,,,,,,,,,,,,,,,,,,,,,,,,,,,,,
,,,,,,,,,,,,,,,,,,,,,,,,,,,,,,,,,,,,,,,,,,,,,,,,,,
,,,,,,,,,,,,,,,,,,,,,,,,,,,,,,,,,,,,,,,,,,,,,,,,,,
,,,,,,,,,,,,,,,,,,,,,,,,,,,,,,,,,,,,,,,,,,,,,,,,,,
,,,,,,,,,,,,,,,,,,,,,,,,,,,,,,,,,,,,,,,,,,,,,,,,,,
,,,,,,,,,,,,,,,,,,,,,,,,,,,,,,,,,,,,,,,,,,,,,,,,,,
,,,,,,,,,,,,,,,,,,,,,,,,,,,,,,,,,,,,,,,,,,,,,,,,,,
,,,,,,,,,,,,,,,,,,,,,,,,,,,,,,,,,,,,,,,,,,,,,,,,,,
,,,,,,,,,,,,,,,,,,,,,,,,,,,,,,,,,,,,,,,,,,,,,,,,,,
,,,,,,,,,,,,,,,,,,,,,,,,,,,,,,,,,,,,,,,,,,,,,,,,,,
,,,,,,,,,,,,,,,,,,,,,,,,,,,,,,,,,,,,,,,,,,,,,,,,,,
,,,,,,,,,,,,,,,,,,,,,,,,,,,,,,,,,,,,,,,,,,,,,,,,,,
,,,,,,,,,,,,,,,,,,,,,,,,,,,,,,,,,,,,,,,,,,,,,,,,,,
,,,,,,,,,,,,,,,,,,,,,,,,,,,,,,,,,,,,,,,,,,,,,,,,,,
,,,,,,,,,,,,,,,,,,,,,,,,,,,,,,,,,,,,,,,,,,,,,,,,,,
,,,,,,,,,,,,,,,,,,,,,,,,,,,,,,,,,,,,,,,,,,,,,,,,,,
,,,,,,,,,,,,,,,,,,,,,,,,,,,,,,,,,,,,,,,,,,,,,,,,,,
,,,,,,,,,,,,,,,,,,,,,,,,,,,,,,,,,,,,,,,,,,,,,,,,,,
,,,,,,,,,,,,,,,,,,,,,,,,,,,,,,,,,,,,,,,,,,,,,,,,,,
,,,,,,,,,,,,,,,,,,,,,,,,,,,,,,,,,,,,,,,,,,,,,,,,,,
,,,,,,,,,,,,,,,,,,,,,,,,,,,,,,,,,,,,,,,,,,,,,,,,,,
,,,,,,,,,,,,,,,,,,,,,,,,,,,,,,,,,,,,,,,,,,,,,,,,,,
,,,,,,,,,,,,,,,,,,,,,,,,,,,,,,,,,,,,,,,,,,,,,,,,,,
,,,,,,,,,,,,,,,,,,,,,,,,,,,,,,,,,,,,,,,,,,,,,,,,,,
,,,,,,,,,,,,,,,,,,,,,,,,,,,,,,,,,,,,,,,,,,,,,,,,,,
,,,,,,,,,,,,,,,,,,,,,,,,,,,,,,,,,,,,,,,,,,,,,,,,,,
,,,,,,,,,,,,,,,,,,,,,,,,,,,,,,,,,,,,,,,,,,,,,,,,,,
,,,,,,,,,,,,,,,,,,,,,,,,,,,,,,,,,,,,,,,,,,,,,,,,,,
,,,,,,,,,,,,,,,,,,,,,,,,,,,,,,,,,,,,,,,,,,,,,,,,,,
,,,,,,,,,,,,,,,,,,,,,,,,,,,,,,,,,,,,,,,,,,,,,,,,,,
,,,,,,,,,,,,,,,,,,,,,,,,,,,,,,,,,,,,,,,,,,,,,,,,,,
,,,,,,,,,,,,,,,,,,,,,,,,,,,,,,,,,,,,,,,,,,,,,,,,,,
,,,,,,,,,,,,,,,,,,,,,,,,,,,,,,,,,,,,,,,,,,,,,,,,,,
,,,,,,,,,,,,,,,,,,,,,,,,,,,,,,,,,,,,,,,,,,,,,,,,,,
,,,,,,,,,,,,,,,,,,,,,,,,,,,,,,,,,,,,,,,,,,,,,,,,,,
,,,,,,,,,,,,,,,,,,,,,,,,,,,,,,,,,,,,,,,,,,,,,,,,,,
,,,,,,,,,,,,,,,,,,,,,,,,,,,,,,,,,,,,,,,,,,,,,,,,,,
,,,,,,,,,,,,,,,,,,,,,,,,,,,,,,,,,,,,,,,,,,,,,,,,,,
,,,,,,,,,,,,,,,,,,,,,,,,,,,,,,,,,,,,,,,,,,,,,,,,,,
,,,,,,,,,,,,,,,,,,,,,,,,,,,,,,,,,,,,,,,,,,,,,,,,,,
,,,,,,,,,,,,,,,,,,,,,,,,,,,,,,,,,,,,,,,,,,,,,,,,,,
,,,,,,,,,,,,,,,,,,,,,,,,,,,,,,,,,,,,,,,,,,,,,,,,,,
,,,,,,,,,,,,,,,,,,,,,,,,,,,,,,,,,,,,,,,,,,,,,,,,,,
,,,,,,,,,,,,,,,,,,,,,,,,,,,,,,,,,,,,,,,,,,,,,,,,,,
,,,,,,,,,,,,,,,,,,,,,,,,,,,,,,,,,,,,,,,,,,,,,,,,,,
,,,,,,,,,,,,,,,,,,,,,,,,,,,,,,,,,,,,,,,,,,,,,,,,,,
,,,,,,,,,,,,,,,,,,,,,,,,,,,,,,,,,,,,,,,,,,,,,,,,,,
,,,,,,,,,,,,,,,,,,,,,,,,,,,,,,,,,,,,,,,,,,,,,,,,,,
,,,,,,,,,,,,,,,,,,,,,,,,,,,,,,,,,,,,,,,,,,,,,,,,,,
,,,,,,,,,,,,,,,,,,,,,,,,,,,,,,,,,,,,,,,,,,,,,,,,,,
,,,,,,,,,,,,,,,,,,,,,,,,,,,,,,,,,,,,,,,,,,,,,,,,,,
,,,,,,,,,,,,,,,,,,,,,,,,,,,,,,,,,,,,,,,,,,,,,,,,,,
,,,,,,,,,,,,,,,,,,,,,,,,,,,,,,,,,,,,,,,,,,,,,,,,,,
,,,,,,,,,,,,,,,,,,,,,,,,,,,,,,,,,,,,,,,,,,,,,,,,,,
,,,,,,,,,,,,,,,,,,,,,,,,,,,,,,,,,,,,,,,,,,,,,,,,,,
,,,,,,,,,,,,,,,,,,,,,,,,,,,,,,,,,,,,,,,,,,,,,,,,,,
,,,,,,,,,,,,,,,,,,,,,,,,,,,,,,,,,,,,,,,,,,,,,,,,,,
,,,,,,,,,,,,,,,,,,,,,,,,,,,,,,,,,,,,,,,,,,,,,,,,,,
,,,,,,,,,,,,,,,,,,,,,,,,,,,,,,,,,,,,,,,,,,,,,,,,,,
,,,,,,,,,,,,,,,,,,,,,,,,,,,,,,,,,,,,,,,,,,,,,,,,,,
,,,,,,,,,,,,,,,,,,,,,,,,,,,,,,,,,,,,,,,,,,,,,,,,,,
,,,,,,,,,,,,,,,,,,,,,,,,,,,,,,,,,,,,,,,,,,,,,,,,,,
,,,,,,,,,,,,,,,,,,,,,,,,,,,,,,,,,,,,,,,,,,,,,,,,,,
,,,,,,,,,,,,,,,,,,,,,,,,,,,,,,,,,,,,,,,,,,,,,,,,,,
,,,,,,,,,,,,,,,,,,,,,,,,,,,,,,,,,,,,,,,,,,,,,,,,,,
,,,,,,,,,,,,,,,,,,,,,,,,,,,,,,,,,,,,,,,,,,,,,,,,,,
,,,,,,,,,,,,,,,,,,,,,,,,,,,,,,,,,,,,,,,,,,,,,,,,,,
,,,,,,,,,,,,,,,,,,,,,,,,,,,,,,,,,,,,,,,,,,,,,,,,,,
,,,,,,,,,,,,,,,,,,,,,,,,,,,,,,,,,,,,,,,,,,,,,,,,,,
,,,,,,,,,,,,,,,,,,,,,,,,,,,,,,,,,,,,,,,,,,,,,,,,,,
,,,,,,,,,,,,,,,,,,,,,,,,,,,,,,,,,,,,,,,,,,,,,,,,,,
,,,,,,,,,,,,,,,,,,,,,,,,,,,,,,,,,,,,,,,,,,,,,,,,,,
,,,,,,,,,,,,,,,,,,,,,,,,,,,,,,,,,,,,,,,,,,,,,,,,,,
,,,,,,,,,,,,,,,,,,,,,,,,,,,,,,,,,,,,,,,,,,,,,,,,,,
,,,,,,,,,,,,,,,,,,,,,,,,,,,,,,,,,,,,,,,,,,,,,,,,,,
,,,,,,,,,,,,,,,,,,,,,,,,,,,,,,,,,,,,,,,,,,,,,,,,,,
,,,,,,,,,,,,,,,,,,,,,,,,,,,,,,,,,,,,,,,,,,,,,,,,,,
,,,,,,,,,,,,,,,,,,,,,,,,,,,,,,,,,,,,,,,,,,,,,,,,,,
,,,,,,,,,,,,,,,,,,,,,,,,,,,,,,,,,,,,,,,,,,,,,,,,,,
,,,,,,,,,,,,,,,,,,,,,,,,,,,,,,,,,,,,,,,,,,,,,,,,,,
,,,,,,,,,,,,,,,,,,,,,,,,,,,,,,,,,,,,,,,,,,,,,,,,,,
,,,,,,,,,,,,,,,,,,,,,,,,,,,,,,,,,,,,,,,,,,,,,,,,,,
,,,,,,,,,,,,,,,,,,,,,,,,,,,,,,,,,,,,,,,,,,,,,,,,,,
,,,,,,,,,,,,,,,,,,,,,,,,,,,,,,,,,,,,,,,,,,,,,,,,,,
,,,,,,,,,,,,,,,,,,,,,,,,,,,,,,,,,,,,,,,,,,,,,,,,,,
,,,,,,,,,,,,,,,,,,,,,,,,,,,,,,,,,,,,,,,,,,,,,,,,,,
,,,,,,,,,,,,,,,,,,,,,,,,,,,,,,,,,,,,,,,,,,,,,,,,,,
,,,,,,,,,,,,,,,,,,,,,,,,,,,,,,,,,,,,,,,,,,,,,,,,,,
,,,,,,,,,,,,,,,,,,,,,,,,,,,,,,,,,,,,,,,,,,,,,,,,,,
,,,,,,,,,,,,,,,,,,,,,,,,,,,,,,,,,,,,,,,,,,,,,,,,,,
,,,,,,,,,,,,,,,,,,,,,,,,,,,,,,,,,,,,,,,,,,,,,,,,,,
,,,,,,,,,,,,,,,,,,,,,,,,,,,,,,,,,,,,,,,,,,,,,,,,,,
,,,,,,,,,,,,,,,,,,,,,,,,,,,,,,,,,,,,,,,,,,,,,,,,,,
,,,,,,,,,,,,,,,,,,,,,,,,,,,,,,,,,,,,,,,,,,,,,,,,,,
,,,,,,,,,,,,,,,,,,,,,,,,,,,,,,,,,,,,,,,,,,,,,,,,,,
,,,,,,,,,,,,,,,,,,,,,,,,,,,,,,,,,,,,,,,,,,,,,,,,,,
,,,,,,,,,,,,,,,,,,,,,,,,,,,,,,,,,,,,,,,,,,,,,,,,,,
,,,,,,,,,,,,,,,,,,,,,,,,,,,,,,,,,,,,,,,,,,,,,,,,,,
,,,,,,,,,,,,,,,,,,,,,,,,,,,,,,,,,,,,,,,,,,,,,,,,,,
,,,,,,,,,,,,,,,,,,,,,,,,,,,,,,,,,,,,,,,,,,,,,,,,,,
,,,,,,,,,,,,,,,,,,,,,,,,,,,,,,,,,,,,,,,,,,,,,,,,,,
,,,,,,,,,,,,,,,,,,,,,,,,,,,,,,,,,,,,,,,,,,,,,,,,,,
,,,,,,,,,,,,,,,,,,,,,,,,,,,,,,,,,,,,,,,,,,,,,,,,,,
,,,,,,,,,,,,,,,,,,,,,,,,,,,,,,,,,,,,,,,,,,,,,,,,,,
,,,,,,,,,,,,,,,,,,,,,,,,,,,,,,,,,,,,,,,,,,,,,,,,,,
,,,,,,,,,,,,,,,,,,,,,,,,,,,,,,,,,,,,,,,,,,,,,,,,,,
,,,,,,,,,,,,,,,,,,,,,,,,,,,,,,,,,,,,,,,,,,,,,,,,,,
,,,,,,,,,,,,,,,,,,,,,,,,,,,,,,,,,,,,,,,,,,,,,,,,,,
,,,,,,,,,,,,,,,,,,,,,,,,,,,,,,,,,,,,,,,,,,,,,,,,,,
,,,,,,,,,,,,,,,,,,,,,,,,,,,,,,,,,,,,,,,,,,,,,,,,,,
,,,,,,,,,,,,,,,,,,,,,,,,,,,,,,,,,,,,,,,,,,,,,,,,,,
,,,,,,,,,,,,,,,,,,,,,,,,,,,,,,,,,,,,,,,,,,,,,,,,,,
,,,,,,,,,,,,,,,,,,,,,,,,,,,,,,,,,,,,,,,,,,,,,,,,,,
,,,,,,,,,,,,,,,,,,,,,,,,,,,,,,,,,,,,,,,,,,,,,,,,,,
,,,,,,,,,,,,,,,,,,,,,,,,,,,,,,,,,,,,,,,,,,,,,,,,,,
,,,,,,,,,,,,,,,,,,,,,,,,,,,,,,,,,,,,,,,,,,,,,,,,,,
,,,,,,,,,,,,,,,,,,,,,,,,,,,,,,,,,,,,,,,,,,,,,,,,,,
,,,,,,,,,,,,,,,,,,,,,,,,,,,,,,,,,,,,,,,,,,,,,,,,,,
,,,,,,,,,,,,,,,,,,,,,,,,,,,,,,,,,,,,,,,,,,,,,,,,,,
,,,,,,,,,,,,,,,,,,,,,,,,,,,,,,,,,,,,,,,,,,,,,,,,,,
,,,,,,,,,,,,,,,,,,,,,,,,,,,,,,,,,,,,,,,,,,,,,,,,,,
,,,,,,,,,,,,,,,,,,,,,,,,,,,,,,,,,,,,,,,,,,,,,,,,,,
,,,,,,,,,,,,,,,,,,,,,,,,,,,,,,,,,,,,,,,,,,,,,,,,,,
,,,,,,,,,,,,,,,,,,,,,,,,,,,,,,,,,,,,,,,,,,,,,,,,,,
,,,,,,,,,,,,,,,,,,,,,,,,,,,,,,,,,,,,,,,,,,,,,,,,,,
,,,,,,,,,,,,,,,,,,,,,,,,,,,,,,,,,,,,,,,,,,,,,,,,,,
,,,,,,,,,,,,,,,,,,,,,,,,,,,,,,,,,,,,,,,,,,,,,,,,,,
,,,,,,,,,,,,,,,,,,,,,,,,,,,,,,,,,,,,,,,,,,,,,,,,,,
,,,,,,,,,,,,,,,,,,,,,,,,,,,,,,,,,,,,,,,,,,,,,,,,,,
,,,,,,,,,,,,,,,,,,,,,,,,,,,,,,,,,,,,,,,,,,,,,,,,,,
,,,,,,,,,,,,,,,,,,,,,,,,,,,,,,,,,,,,,,,,,,,,,,,,,,
,,,,,,,,,,,,,,,,,,,,,,,,,,,,,,,,,,,,,,,,,,,,,,,,,,
,,,,,,,,,,,,,,,,,,,,,,,,,,,,,,,,,,,,,,,,,,,,,,,,,,
,,,,,,,,,,,,,,,,,,,,,,,,,,,,,,,,,,,,,,,,,,,,,,,,,,
,,,,,,,,,,,,,,,,,,,,,,,,,,,,,,,,,,,,,,,,,,,,,,,,,,
,,,,,,,,,,,,,,,,,,,,,,,,,,,,,,,,,,,,,,,,,,,,,,,,,,
,,,,,,,,,,,,,,,,,,,,,,,,,,,,,,,,,,,,,,,,,,,,,,,,,,
,,,,,,,,,,,,,,,,,,,,,,,,,,,,,,,,,,,,,,,,,,,,,,,,,,
,,,,,,,,,,,,,,,,,,,,,,,,,,,,,,,,,,,,,,,,,,,,,,,,,,
,,,,,,,,,,,,,,,,,,,,,,,,,,,,,,,,,,,,,,,,,,,,,,,,,,
,,,,,,,,,,,,,,,,,,,,,,,,,,,,,,,,,,,,,,,,,,,,,,,,,,
,,,,,,,,,,,,,,,,,,,,,,,,,,,,,,,,,,,,,,,,,,,,,,,,,,
,,,,,,,,,,,,,,,,,,,,,,,,,,,,,,,,,,,,,,,,,,,,,,,,,,
,,,,,,,,,,,,,,,,,,,,,,,,,,,,,,,,,,,,,,,,,,,,,,,,,,
,,,,,,,,,,,,,,,,,,,,,,,,,,,,,,,,,,,,,,,,,,,,,,,,,,
,,,,,,,,,,,,,,,,,,,,,,,,,,,,,,,,,,,,,,,,,,,,,,,,,,
,,,,,,,,,,,,,,,,,,,,,,,,,,,,,,,,,,,,,,,,,,,,,,,,,,
,,,,,,,,,,,,,,,,,,,,,,,,,,,,,,,,,,,,,,,,,,,,,,,,,,
,,,,,,,,,,,,,,,,,,,,,,,,,,,,,,,,,,,,,,,,,,,,,,,,,,
,,,,,,,,,,,,,,,,,,,,,,,,,,,,,,,,,,,,,,,,,,,,,,,,,,
,,,,,,,,,,,,,,,,,,,,,,,,,,,,,,,,,,,,,,,,,,,,,,,,,,
,,,,,,,,,,,,,,,,,,,,,,,,,,,,,,,,,,,,,,,,,,,,,,,,,,
,,,,,,,,,,,,,,,,,,,,,,,,,,,,,,,,,,,,,,,,,,,,,,,,,,
,,,,,,,,,,,,,,,,,,,,,,,,,,,,,,,,,,,,,,,,,,,,,,,,,,
,,,,,,,,,,,,,,,,,,,,,,,,,,,,,,,,,,,,,,,,,,,,,,,,,,
,,,,,,,,,,,,,,,,,,,,,,,,,,,,,,,,,,,,,,,,,,,,,,,,,,
,,,,,,,,,,,,,,,,,,,,,,,,,,,,,,,,,,,,,,,,,,,,,,,,,,
,,,,,,,,,,,,,,,,,,,,,,,,,,,,,,,,,,,,,,,,,,,,,,,,,,
,,,,,,,,,,,,,,,,,,,,,,,,,,,,,,,,,,,,,,,,,,,,,,,,,,
,,,,,,,,,,,,,,,,,,,,,,,,,,,,,,,,,,,,,,,,,,,,,,,,,,
,,,,,,,,,,,,,,,,,,,,,,,,,,,,,,,,,,,,,,,,,,,,,,,,,,
,,,,,,,,,,,,,,,,,,,,,,,,,,,,,,,,,,,,,,,,,,,,,,,,,,
,,,,,,,,,,,,,,,,,,,,,,,,,,,,,,,,,,,,,,,,,,,,,,,,,,
,,,,,,,,,,,,,,,,,,,,,,,,,,,,,,,,,,,,,,,,,,,,,,,,,,
,,,,,,,,,,,,,,,,,,,,,,,,,,,,,,,,,,,,,,,,,,,,,,,,,,
,,,,,,,,,,,,,,,,,,,,,,,,,,,,,,,,,,,,,,,,,,,,,,,,,,
,,,,,,,,,,,,,,,,,,,,,,,,,,,,,,,,,,,,,,,,,,,,,,,,,,
,,,,,,,,,,,,,,,,,,,,,,,,,,,,,,,,,,,,,,,,,,,,,,,,,,
,,,,,,,,,,,,,,,,,,,,,,,,,,,,,,,,,,,,,,,,,,,,,,,,,,
,,,,,,,,,,,,,,,,,,,,,,,,,,,,,,,,,,,,,,,,,,,,,,,,,,
,,,,,,,,,,,,,,,,,,,,,,,,,,,,,,,,,,,,,,,,,,,,,,,,,,
,,,,,,,,,,,,,,,,,,,,,,,,,,,,,,,,,,,,,,,,,,,,,,,,,,
,,,,,,,,,,,,,,,,,,,,,,,,,,,,,,,,,,,,,,,,,,,,,,,,,,
,,,,,,,,,,,,,,,,,,,,,,,,,,,,,,,,,,,,,,,,,,,,,,,,,,
,,,,,,,,,,,,,,,,,,,,,,,,,,,,,,,,,,,,,,,,,,,,,,,,,,
,,,,,,,,,,,,,,,,,,,,,,,,,,,,,,,,,,,,,,,,,,,,,,,,,,
,,,,,,,,,,,,,,,,,,,,,,,,,,,,,,,,,,,,,,,,,,,,,,,,,,
,,,,,,,,,,,,,,,,,,,,,,,,,,,,,,,,,,,,,,,,,,,,,,,,,,
,,,,,,,,,,,,,,,,,,,,,,,,,,,,,,,,,,,,,,,,,,,,,,,,,,
,,,,,,,,,,,,,,,,,,,,,,,,,,,,,,,,,,,,,,,,,,,,,,,,,,
,,,,,,,,,,,,,,,,,,,,,,,,,,,,,,,,,,,,,,,,,,,,,,,,,,
,,,,,,,,,,,,,,,,,,,,,,,,,,,,,,,,,,,,,,,,,,,,,,,,,,
,,,,,,,,,,,,,,,,,,,,,,,,,,,,,,,,,,,,,,,,,,,,,,,,,,
,,,,,,,,,,,,,,,,,,,,,,,,,,,,,,,,,,,,,,,,,,,,,,,,,,
,,,,,,,,,,,,,,,,,,,,,,,,,,,,,,,,,,,,,,,,,,,,,,,,,,
,,,,,,,,,,,,,,,,,,,,,,,,,,,,,,,,,,,,,,,,,,,,,,,,,,
,,,,,,,,,,,,,,,,,,,,,,,,,,,,,,,,,,,,,,,,,,,,,,,,,,
,,,,,,,,,,,,,,,,,,,,,,,,,,,,,,,,,,,,,,,,,,,,,,,,,,
,,,,,,,,,,,,,,,,,,,,,,,,,,,,,,,,,,,,,,,,,,,,,,,,,,
,,,,,,,,,,,,,,,,,,,,,,,,,,,,,,,,,,,,,,,,,,,,,,,,,,
,,,,,,,,,,,,,,,,,,,,,,,,,,,,,,,,,,,,,,,,,,,,,,,,,,
,,,,,,,,,,,,,,,,,,,,,,,,,,,,,,,,,,,,,,,,,,,,,,,,,,
,,,,,,,,,,,,,,,,,,,,,,,,,,,,,,,,,,,,,,,,,,,,,,,,,,
,,,,,,,,,,,,,,,,,,,,,,,,,,,,,,,,,,,,,,,,,,,,,,,,,,
,,,,,,,,,,,,,,,,,,,,,,,,,,,,,,,,,,,,,,,,,,,,,,,,,,
,,,,,,,,,,,,,,,,,,,,,,,,,,,,,,,,,,,,,,,,,,,,,,,,,,
,,,,,,,,,,,,,,,,,,,,,,,,,,,,,,,,,,,,,,,,,,,,,,,,,,
,,,,,,,,,,,,,,,,,,,,,,,,,,,,,,,,,,,,,,,,,,,,,,,,,,
,,,,,,,,,,,,,,,,,,,,,,,,,,,,,,,,,,,,,,,,,,,,,,,,,,
,,,,,,,,,,,,,,,,,,,,,,,,,,,,,,,,,,,,,,,,,,,,,,,,,,
,,,,,,,,,,,,,,,,,,,,,,,,,,,,,,,,,,,,,,,,,,,,,,,,,,
,,,,,,,,,,,,,,,,,,,,,,,,,,,,,,,,,,,,,,,,,,,,,,,,,,
,,,,,,,,,,,,,,,,,,,,,,,,,,,,,,,,,,,,,,,,,,,,,,,,,,
,,,,,,,,,,,,,,,,,,,,,,,,,,,,,,,,,,,,,,,,,,,,,,,,,,
,,,,,,,,,,,,,,,,,,,,,,,,,,,,,,,,,,,,,,,,,,,,,,,,,,
,,,,,,,,,,,,,,,,,,,,,,,,,,,,,,,,,,,,,,,,,,,,,,,,,,
,,,,,,,,,,,,,,,,,,,,,,,,,,,,,,,,,,,,,,,,,,,,,,,,,,
,,,,,,,,,,,,,,,,,,,,,,,,,,,,,,,,,,,,,,,,,,,,,,,,,,
,,,,,,,,,,,,,,,,,,,,,,,,,,,,,,,,,,,,,,,,,,,,,,,,,,
,,,,,,,,,,,,,,,,,,,,,,,,,,,,,,,,,,,,,,,,,,,,,,,,,,
,,,,,,,,,,,,,,,,,,,,,,,,,,,,,,,,,,,,,,,,,,,,,,,,,,
,,,,,,,,,,,,,,,,,,,,,,,,,,,,,,,,,,,,,,,,,,,,,,,,,,
,,,,,,,,,,,,,,,,,,,,,,,,,,,,,,,,,,,,,,,,,,,,,,,,,,
,,,,,,,,,,,,,,,,,,,,,,,,,,,,,,,,,,,,,,,,,,,,,,,,,,
,,,,,,,,,,,,,,,,,,,,,,,,,,,,,,,,,,,,,,,,,,,,,,,,,,
,,,,,,,,,,,,,,,,,,,,,,,,,,,,,,,,,,,,,,,,,,,,,,,,,,
,,,,,,,,,,,,,,,,,,,,,,,,,,,,,,,,,,,,,,,,,,,,,,,,,,
,,,,,,,,,,,,,,,,,,,,,,,,,,,,,,,,,,,,,,,,,,,,,,,,,,
,,,,,,,,,,,,,,,,,,,,,,,,,,,,,,,,,,,,,,,,,,,,,,,,,,
,,,,,,,,,,,,,,,,,,,,,,,,,,,,,,,,,,,,,,,,,,,,,,,,,,
,,,,,,,,,,,,,,,,,,,,,,,,,,,,,,,,,,,,,,,,,,,,,,,,,,
,,,,,,,,,,,,,,,,,,,,,,,,,,,,,,,,,,,,,,,,,,,,,,,,,,
,,,,,,,,,,,,,,,,,,,,,,,,,,,,,,,,,,,,,,,,,,,,,,,,,,
,,,,,,,,,,,,,,,,,,,,,,,,,,,,,,,,,,,,,,,,,,,,,,,,,,
,,,,,,,,,,,,,,,,,,,,,,,,,,,,,,,,,,,,,,,,,,,,,,,,,,
,,,,,,,,,,,,,,,,,,,,,,,,,,,,,,,,,,,,,,,,,,,,,,,,,,
,,,,,,,,,,,,,,,,,,,,,,,,,,,,,,,,,,,,,,,,,,,,,,,,,,
,,,,,,,,,,,,,,,,,,,,,,,,,,,,,,,,,,,,,,,,,,,,,,,,,,
,,,,,,,,,,,,,,,,,,,,,,,,,,,,,,,,,,,,,,,,,,,,,,,,,,
,,,,,,,,,,,,,,,,,,,,,,,,,,,,,,,,,,,,,,,,,,,,,,,,,,
,,,,,,,,,,,,,,,,,,,,,,,,,,,,,,,,,,,,,,,,,,,,,,,,,,
,,,,,,,,,,,,,,,,,,,,,,,,,,,,,,,,,,,,,,,,,,,,,,,,,,
,,,,,,,,,,,,,,,,,,,,,,,,,,,,,,,,,,,,,,,,,,,,,,,,,,
,,,,,,,,,,,,,,,,,,,,,,,,,,,,,,,,,,,,,,,,,,,,,,,,,,
,,,,,,,,,,,,,,,,,,,,,,,,,,,,,,,,,,,,,,,,,,,,,,,,,,
,,,,,,,,,,,,,,,,,,,,,,,,,,,,,,,,,,,,,,,,,,,,,,,,,,
,,,,,,,,,,,,,,,,,,,,,,,,,,,,,,,,,,,,,,,,,,,,,,,,,,
,,,,,,,,,,,,,,,,,,,,,,,,,,,,,,,,,,,,,,,,,,,,,,,,,,
,,,,,,,,,,,,,,,,,,,,,,,,,,,,,,,,,,,,,,,,,,,,,,,,,,
,,,,,,,,,,,,,,,,,,,,,,,,,,,,,,,,,,,,,,,,,,,,,,,,,,
,,,,,,,,,,,,,,,,,,,,,,,,,,,,,,,,,,,,,,,,,,,,,,,,,,
,,,,,,,,,,,,,,,,,,,,,,,,,,,,,,,,,,,,,,,,,,,,,,,,,,
,,,,,,,,,,,,,,,,,,,,,,,,,,,,,,,,,,,,,,,,,,,,,,,,,,
,,,,,,,,,,,,,,,,,,,,,,,,,,,,,,,,,,,,,,,,,,,,,,,,,,
,,,,,,,,,,,,,,,,,,,,,,,,,,,,,,,,,,,,,,,,,,,,,,,,,,
,,,,,,,,,,,,,,,,,,,,,,,,,,,,,,,,,,,,,,,,,,,,,,,,,,
,,,,,,,,,,,,,,,,,,,,,,,,,,,,,,,,,,,,,,,,,,,,,,,,,,
,,,,,,,,,,,,,,,,,,,,,,,,,,,,,,,,,,,,,,,,,,,,,,,,,,
,,,,,,,,,,,,,,,,,,,,,,,,,,,,,,,,,,,,,,,,,,,,,,,,,,
,,,,,,,,,,,,,,,,,,,,,,,,,,,,,,,,,,,,,,,,,,,,,,,,,,
,,,,,,,,,,,,,,,,,,,,,,,,,,,,,,,,,,,,,,,,,,,,,,,,,,
,,,,,,,,,,,,,,,,,,,,,,,,,,,,,,,,,,,,,,,,,,,,,,,,,,
,,,,,,,,,,,,,,,,,,,,,,,,,,,,,,,,,,,,,,,,,,,,,,,,,,
,,,,,,,,,,,,,,,,,,,,,,,,,,,,,,,,,,,,,,,,,,,,,,,,,,
,,,,,,,,,,,,,,,,,,,,,,,,,,,,,,,,,,,,,,,,,,,,,,,,,,
,,,,,,,,,,,,,,,,,,,,,,,,,,,,,,,,,,,,,,,,,,,,,,,,,,
,,,,,,,,,,,,,,,,,,,,,,,,,,,,,,,,,,,,,,,,,,,,,,,,,,
,,,,,,,,,,,,,,,,,,,,,,,,,,,,,,,,,,,,,,,,,,,,,,,,,,
,,,,,,,,,,,,,,,,,,,,,,,,,,,,,,,,,,,,,,,,,,,,,,,,,,
,,,,,,,,,,,,,,,,,,,,,,,,,,,,,,,,,,,,,,,,,,,,,,,,,,
,,,,,,,,,,,,,,,,,,,,,,,,,,,,,,,,,,,,,,,,,,,,,,,,,,
,,,,,,,,,,,,,,,,,,,,,,,,,,,,,,,,,,,,,,,,,,,,,,,,,,
,,,,,,,,,,,,,,,,,,,,,,,,,,,,,,,,,,,,,,,,,,,,,,,,,,
,,,,,,,,,,,,,,,,,,,,,,,,,,,,,,,,,,,,,,,,,,,,,,,,,,
,,,,,,,,,,,,,,,,,,,,,,,,,,,,,,,,,,,,,,,,,,,,,,,,,,
,,,,,,,,,,,,,,,,,,,,,,,,,,,,,,,,,,,,,,,,,,,,,,,,,,
,,,,,,,,,,,,,,,,,,,,,,,,,,,,,,,,,,,,,,,,,,,,,,,,,,
,,,,,,,,,,,,,,,,,,,,,,,,,,,,,,,,,,,,,,,,,,,,,,,,,,
,,,,,,,,,,,,,,,,,,,,,,,,,,,,,,,,,,,,,,,,,,,,,,,,,,
,,,,,,,,,,,,,,,,,,,,,,,,,,,,,,,,,,,,,,,,,,,,,,,,,,
,,,,,,,,,,,,,,,,,,,,,,,,,,,,,,,,,,,,,,,,,,,,,,,,,,
,,,,,,,,,,,,,,,,,,,,,,,,,,,,,,,,,,,,,,,,,,,,,,,,,,
,,,,,,,,,,,,,,,,,,,,,,,,,,,,,,,,,,,,,,,,,,,,,,,,,,
,,,,,,,,,,,,,,,,,,,,,,,,,,,,,,,,,,,,,,,,,,,,,,,,,,
,,,,,,,,,,,,,,,,,,,,,,,,,,,,,,,,,,,,,,,,,,,,,,,,,,
,,,,,,,,,,,,,,,,,,,,,,,,,,,,,,,,,,,,,,,,,,,,,,,,,,
,,,,,,,,,,,,,,,,,,,,,,,,,,,,,,,,,,,,,,,,,,,,,,,,,,
,,,,,,,,,,,,,,,,,,,,,,,,,,,,,,,,,,,,,,,,,,,,,,,,,,
,,,,,,,,,,,,,,,,,,,,,,,,,,,,,,,,,,,,,,,,,,,,,,,,,,
,,,,,,,,,,,,,,,,,,,,,,,,,,,,,,,,,,,,,,,,,,,,,,,,,,
,,,,,,,,,,,,,,,,,,,,,,,,,,,,,,,,,,,,,,,,,,,,,,,,,,
,,,,,,,,,,,,,,,,,,,,,,,,,,,,,,,,,,,,,,,,,,,,,,,,,,
,,,,,,,,,,,,,,,,,,,,,,,,,,,,,,,,,,,,,,,,,,,,,,,,,,
,,,,,,,,,,,,,,,,,,,,,,,,,,,,,,,,,,,,,,,,,,,,,,,,,,
,,,,,,,,,,,,,,,,,,,,,,,,,,,,,,,,,,,,,,,,,,,,,,,,,,
,,,,,,,,,,,,,,,,,,,,,,,,,,,,,,,,,,,,,,,,,,,,,,,,,,
,,,,,,,,,,,,,,,,,,,,,,,,,,,,,,,,,,,,,,,,,,,,,,,,,,
,,,,,,,,,,,,,,,,,,,,,,,,,,,,,,,,,,,,,,,,,,,,,,,,,,
,,,,,,,,,,,,,,,,,,,,,,,,,,,,,,,,,,,,,,,,,,,,,,,,,,
,,,,,,,,,,,,,,,,,,,,,,,,,,,,,,,,,,,,,,,,,,,,,,,,,,
,,,,,,,,,,,,,,,,,,,,,,,,,,,,,,,,,,,,,,,,,,,,,,,,,,
,,,,,,,,,,,,,,,,,,,,,,,,,,,,,,,,,,,,,,,,,,,,,,,,,,
,,,,,,,,,,,,,,,,,,,,,,,,,,,,,,,,,,,,,,,,,,,,,,,,,,
,,,,,,,,,,,,,,,,,,,,,,,,,,,,,,,,,,,,,,,,,,,,,,,,,,
,,,,,,,,,,,,,,,,,,,,,,,,,,,,,,,,,,,,,,,,,,,,,,,,,,
,,,,,,,,,,,,,,,,,,,,,,,,,,,,,,,,,,,,,,,,,,,,,,,,,,
,,,,,,,,,,,,,,,,,,,,,,,,,,,,,,,,,,,,,,,,,,,,,,,,,,
,,,,,,,,,,,,,,,,,,,,,,,,,,,,,,,,,,,,,,,,,,,,,,,,,,
,,,,,,,,,,,,,,,,,,,,,,,,,,,,,,,,,,,,,,,,,,,,,,,,,,
,,,,,,,,,,,,,,,,,,,,,,,,,,,,,,,,,,,,,,,,,,,,,,,,,,
,,,,,,,,,,,,,,,,,,,,,,,,,,,,,,,,,,,,,,,,,,,,,,,,,,
,,,,,,,,,,,,,,,,,,,,,,,,,,,,,,,,,,,,,,,,,,,,,,,,,,
,,,,,,,,,,,,,,,,,,,,,,,,,,,,,,,,,,,,,,,,,,,,,,,,,,
,,,,,,,,,,,,,,,,,,,,,,,,,,,,,,,,,,,,,,,,,,,,,,,,,,
,,,,,,,,,,,,,,,,,,,,,,,,,,,,,,,,,,,,,,,,,,,,,,,,,,
,,,,,,,,,,,,,,,,,,,,,,,,,,,,,,,,,,,,,,,,,,,,,,,,,,
,,,,,,,,,,,,,,,,,,,,,,,,,,,,,,,,,,,,,,,,,,,,,,,,,,
,,,,,,,,,,,,,,,,,,,,,,,,,,,,,,,,,,,,,,,,,,,,,,,,,,
,,,,,,,,,,,,,,,,,,,,,,,,,,,,,,,,,,,,,,,,,,,,,,,,,,
,,,,,,,,,,,,,,,,,,,,,,,,,,,,,,,,,,,,,,,,,,,,,,,,,,
,,,,,,,,,,,,,,,,,,,,,,,,,,,,,,,,,,,,,,,,,,,,,,,,,,
,,,,,,,,,,,,,,,,,,,,,,,,,,,,,,,,,,,,,,,,,,,,,,,,,,
,,,,,,,,,,,,,,,,,,,,,,,,,,,,,,,,,,,,,,,,,,,,,,,,,,
,,,,,,,,,,,,,,,,,,,,,,,,,,,,,,,,,,,,,,,,,,,,,,,,,,
,,,,,,,,,,,,,,,,,,,,,,,,,,,,,,,,,,,,,,,,,,,,,,,,,,
,,,,,,,,,,,,,,,,,,,,,,,,,,,,,,,,,,,,,,,,,,,,,,,,,,
,,,,,,,,,,,,,,,,,,,,,,,,,,,,,,,,,,,,,,,,,,,,,,,,,,
,,,,,,,,,,,,,,,,,,,,,,,,,,,,,,,,,,,,,,,,,,,,,,,,,,
,,,,,,,,,,,,,,,,,,,,,,,,,,,,,,,,,,,,,,,,,,,,,,,,,,
,,,,,,,,,,,,,,,,,,,,,,,,,,,,,,,,,,,,,,,,,,,,,,,,,,
,,,,,,,,,,,,,,,,,,,,,,,,,,,,,,,,,,,,,,,,,,,,,,,,,,
,,,,,,,,,,,,,,,,,,,,,,,,,,,,,,,,,,,,,,,,,,,,,,,,,,
,,,,,,,,,,,,,,,,,,,,,,,,,,,,,,,,,,,,,,,,,,,,,,,,,,
,,,,,,,,,,,,,,,,,,,,,,,,,,,,,,,,,,,,,,,,,,,,,,,,,,
,,,,,,,,,,,,,,,,,,,,,,,,,,,,,,,,,,,,,,,,,,,,,,,,,,
,,,,,,,,,,,,,,,,,,,,,,,,,,,,,,,,,,,,,,,,,,,,,,,,,,
,,,,,,,,,,,,,,,,,,,,,,,,,,,,,,,,,,,,,,,,,,,,,,,,,,
,,,,,,,,,,,,,,,,,,,,,,,,,,,,,,,,,,,,,,,,,,,,,,,,,,
,,,,,,,,,,,,,,,,,,,,,,,,,,,,,,,,,,,,,,,,,,,,,,,,,,
,,,,,,,,,,,,,,,,,,,,,,,,,,,,,,,,,,,,,,,,,,,,,,,,,,
,,,,,,,,,,,,,,,,,,,,,,,,,,,,,,,,,,,,,,,,,,,,,,,,,,
,,,,,,,,,,,,,,,,,,,,,,,,,,,,,,,,,,,,,,,,,,,,,,,,,,
,,,,,,,,,,,,,,,,,,,,,,,,,,,,,,,,,,,,,,,,,,,,,,,,,,
,,,,,,,,,,,,,,,,,,,,,,,,,,,,,,,,,,,,,,,,,,,,,,,,,,
,,,,,,,,,,,,,,,,,,,,,,,,,,,,,,,,,,,,,,,,,,,,,,,,,,
,,,,,,,,,,,,,,,,,,,,,,,,,,,,,,,,,,,,,,,,,,,,,,,,,,
,,,,,,,,,,,,,,,,,,,,,,,,,,,,,,,,,,,,,,,,,,,,,,,,,,
,,,,,,,,,,,,,,,,,,,,,,,,,,,,,,,,,,,,,,,,,,,,,,,,,,
,,,,,,,,,,,,,,,,,,,,,,,,,,,,,,,,,,,,,,,,,,,,,,,,,,
,,,,,,,,,,,,,,,,,,,,,,,,,,,,,,,,,,,,,,,,,,,,,,,,,,
,,,,,,,,,,,,,,,,,,,,,,,,,,,,,,,,,,,,,,,,,,,,,,,,,,
,,,,,,,,,,,,,,,,,,,,,,,,,,,,,,,,,,,,,,,,,,,,,,,,,,
,,,,,,,,,,,,,,,,,,,,,,,,,,,,,,,,,,,,,,,,,,,,,,,,,,
,,,,,,,,,,,,,,,,,,,,,,,,,,,,,,,,,,,,,,,,,,,,,,,,,,
,,,,,,,,,,,,,,,,,,,,,,,,,,,,,,,,,,,,,,,,,,,,,,,,,,
,,,,,,,,,,,,,,,,,,,,,,,,,,,,,,,,,,,,,,,,,,,,,,,,,,
,,,,,,,,,,,,,,,,,,,,,,,,,,,,,,,,,,,,,,,,,,,,,,,,,,
,,,,,,,,,,,,,,,,,,,,,,,,,,,,,,,,,,,,,,,,,,,,,,,,,,
,,,,,,,,,,,,,,,,,,,,,,,,,,,,,,,,,,,,,,,,,,,,,,,,,,
,,,,,,,,,,,,,,,,,,,,,,,,,,,,,,,,,,,,,,,,,,,,,,,,,,
,,,,,,,,,,,,,,,,,,,,,,,,,,,,,,,,,,,,,,,,,,,,,,,,,,
,,,,,,,,,,,,,,,,,,,,,,,,,,,,,,,,,,,,,,,,,,,,,,,,,,
,,,,,,,,,,,,,,,,,,,,,,,,,,,,,,,,,,,,,,,,,,,,,,,,,,
,,,,,,,,,,,,,,,,,,,,,,,,,,,,,,,,,,,,,,,,,,,,,,,,,,
,,,,,,,,,,,,,,,,,,,,,,,,,,,,,,,,,,,,,,,,,,,,,,,,,,
,,,,,,,,,,,,,,,,,,,,,,,,,,,,,,,,,,,,,,,,,,,,,,,,,,
,,,,,,,,,,,,,,,,,,,,,,,,,,,,,,,,,,,,,,,,,,,,,,,,,,
,,,,,,,,,,,,,,,,,,,,,,,,,,,,,,,,,,,,,,,,,,,,,,,,,,
,,,,,,,,,,,,,,,,,,,,,,,,,,,,,,,,,,,,,,,,,,,,,,,,,,
,,,,,,,,,,,,,,,,,,,,,,,,,,,,,,,,,,,,,,,,,,,,,,,,,,
,,,,,,,,,,,,,,,,,,,,,,,,,,,,,,,,,,,,,,,,,,,,,,,,,,
,,,,,,,,,,,,,,,,,,,,,,,,,,,,,,,,,,,,,,,,,,,,,,,,,,
,,,,,,,,,,,,,,,,,,,,,,,,,,,,,,,,,,,,,,,,,,,,,,,,,,
,,,,,,,,,,,,,,,,,,,,,,,,,,,,,,,,,,,,,,,,,,,,,,,,,,
,,,,,,,,,,,,,,,,,,,,,,,,,,,,,,,,,,,,,,,,,,,,,,,,,,
,,,,,,,,,,,,,,,,,,,,,,,,,,,,,,,,,,,,,,,,,,,,,,,,,,
,,,,,,,,,,,,,,,,,,,,,,,,,,,,,,,,,,,,,,,,,,,,,,,,,,
,,,,,,,,,,,,,,,,,,,,,,,,,,,,,,,,,,,,,,,,,,,,,,,,,,
,,,,,,,,,,,,,,,,,,,,,,,,,,,,,,,,,,,,,,,,,,,,,,,,,,
,,,,,,,,,,,,,,,,,,,,,,,,,,,,,,,,,,,,,,,,,,,,,,,,,,
,,,,,,,,,,,,,,,,,,,,,,,,,,,,,,,,,,,,,,,,,,,,,,,,,,
,,,,,,,,,,,,,,,,,,,,,,,,,,,,,,,,,,,,,,,,,,,,,,,,,,
,,,,,,,,,,,,,,,,,,,,,,,,,,,,,,,,,,,,,,,,,,,,,,,,,,
,,,,,,,,,,,,,,,,,,,,,,,,,,,,,,,,,,,,,,,,,,,,,,,,,,
,,,,,,,,,,,,,,,,,,,,,,,,,,,,,,,,,,,,,,,,,,,,,,,,,,
,,,,,,,,,,,,,,,,,,,,,,,,,,,,,,,,,,,,,,,,,,,,,,,,,,
,,,,,,,,,,,,,,,,,,,,,,,,,,,,,,,,,,,,,,,,,,,,,,,,,,
,,,,,,,,,,,,,,,,,,,,,,,,,,,,,,,,,,,,,,,,,,,,,,,,,,
,,,,,,,,,,,,,,,,,,,,,,,,,,,,,,,,,,,,,,,,,,,,,,,,,,
,,,,,,,,,,,,,,,,,,,,,,,,,,,,,,,,,,,,,,,,,,,,,,,,,,
,,,,,,,,,,,,,,,,,,,,,,,,,,,,,,,,,,,,,,,,,,,,,,,,,,
,,,,,,,,,,,,,,,,,,,,,,,,,,,,,,,,,,,,,,,,,,,,,,,,,,
,,,,,,,,,,,,,,,,,,,,,,,,,,,,,,,,,,,,,,,,,,,,,,,,,,
,,,,,,,,,,,,,,,,,,,,,,,,,,,,,,,,,,,,,,,,,,,,,,,,,,
,,,,,,,,,,,,,,,,,,,,,,,,,,,,,,,,,,,,,,,,,,,,,,,,,,
,,,,,,,,,,,,,,,,,,,,,,,,,,,,,,,,,,,,,,,,,,,,,,,,,,
,,,,,,,,,,,,,,,,,,,,,,,,,,,,,,,,,,,,,,,,,,,,,,,,,,
,,,,,,,,,,,,,,,,,,,,,,,,,,,,,,,,,,,,,,,,,,,,,,,,,,
,,,,,,,,,,,,,,,,,,,,,,,,,,,,,,,,,,,,,,,,,,,,,,,,,,
,,,,,,,,,,,,,,,,,,,,,,,,,,,,,,,,,,,,,,,,,,,,,,,,,,
,,,,,,,,,,,,,,,,,,,,,,,,,,,,,,,,,,,,,,,,,,,,,,,,,,
,,,,,,,,,,,,,,,,,,,,,,,,,,,,,,,,,,,,,,,,,,,,,,,,,,
,,,,,,,,,,,,,,,,,,,,,,,,,,,,,,,,,,,,,,,,,,,,,,,,,,
,,,,,,,,,,,,,,,,,,,,,,,,,,,,,,,,,,,,,,,,,,,,,,,,,,
,,,,,,,,,,,,,,,,,,,,,,,,,,,,,,,,,,,,,,,,,,,,,,,,,,
